2025-11-03 12:43:29.560 INFO  [background-preinit] o.h.validator.internal.util.Version - HV000001: Hibernate Validator 8.0.2.Final
2025-11-03 12:43:29.688 INFO  [restartedMain] c.s.s.skillhub.SkillhubApplication - Starting SkillhubApplication using Java 21.0.4 with PID 2584 (C:\Users\Utilisateur\Documents\PROJET\e-learning-monolith-back\target\classes started by Utilisateur in C:\Users\Utilisateur\Documents\PROJET\e-learning-monolith-back)
2025-11-03 12:43:29.689 DEBUG [restartedMain] c.s.s.skillhub.SkillhubApplication - Running with Spring Boot v3.4.2, Spring v6.2.2
2025-11-03 12:43:29.690 INFO  [restartedMain] c.s.s.skillhub.SkillhubApplication - The following 1 profile is active: "usage_message"
2025-11-03 12:43:29.804 INFO  [restartedMain] o.s.b.d.e.DevToolsPropertyDefaultsPostProcessor - Devtools property defaults active! Set 'spring.devtools.add-properties' to 'false' to disable
2025-11-03 12:43:29.804 INFO  [restartedMain] o.s.b.d.e.DevToolsPropertyDefaultsPostProcessor - For additional web related logging consider setting the 'logging.level.web' property to 'DEBUG'
2025-11-03 12:43:32.697 INFO  [restartedMain] o.s.d.r.c.RepositoryConfigurationDelegate - Bootstrapping Spring Data JPA repositories in DEFAULT mode.
2025-11-03 12:43:32.960 INFO  [restartedMain] o.s.d.r.c.RepositoryConfigurationDelegate - Finished Spring Data repository scanning in 229 ms. Found 3 JPA repository interfaces.
2025-11-03 12:43:32.986 INFO  [restartedMain] o.s.d.r.c.RepositoryConfigurationDelegate - Bootstrapping Spring Data JPA repositories in DEFAULT mode.
2025-11-03 12:43:33.017 INFO  [restartedMain] o.s.d.r.c.RepositoryConfigurationDelegate - Finished Spring Data repository scanning in 25 ms. Found 1 JPA repository interface.
2025-11-03 12:43:35.433 INFO  [restartedMain] o.s.cloud.context.scope.GenericScope - BeanFactory id=b52957b8-36cc-3832-80da-e99eb6ae0eb2
2025-11-03 12:43:37.013 INFO  [restartedMain] o.s.b.w.e.tomcat.TomcatWebServer - Tomcat initialized with port 10020 (http)
2025-11-03 12:43:37.033 INFO  [restartedMain] o.a.coyote.http11.Http11NioProtocol - Initializing ProtocolHandler ["http-nio-10020"]
2025-11-03 12:43:37.039 INFO  [restartedMain] o.a.catalina.core.StandardService - Starting service [Tomcat]
2025-11-03 12:43:37.039 INFO  [restartedMain] o.a.catalina.core.StandardEngine - Starting Servlet engine: [Apache Tomcat/10.1.34]
2025-11-03 12:43:37.211 INFO  [restartedMain] o.a.c.c.C.[Tomcat].[localhost].[/] - Initializing Spring embedded WebApplicationContext
2025-11-03 12:43:37.211 INFO  [restartedMain] o.s.b.w.s.c.ServletWebServerApplicationContext - Root WebApplicationContext: initialization completed in 7405 ms
2025-11-03 12:43:37.744 INFO  [restartedMain] com.zaxxer.hikari.HikariDataSource - HikariPool-1 - Starting...
2025-11-03 12:43:37.986 INFO  [restartedMain] com.zaxxer.hikari.pool.HikariPool - HikariPool-1 - Added connection org.postgresql.jdbc.PgConnection@3cea86fe
2025-11-03 12:43:37.987 INFO  [restartedMain] com.zaxxer.hikari.HikariDataSource - HikariPool-1 - Start completed.
2025-11-03 12:43:38.390 INFO  [restartedMain] liquibase.database - Set default schema name to public
2025-11-03 12:43:39.246 INFO  [restartedMain] liquibase.changelog - Reading from public.databasechangelog
2025-11-03 12:43:39.347 INFO  [restartedMain] liquibase.ui - Database is up to date, no changesets to execute
2025-11-03 12:43:39.352 INFO  [restartedMain] liquibase.changelog - Reading from public.databasechangelog
2025-11-03 12:43:39.368 INFO  [restartedMain] liquibase.util - UPDATE SUMMARY
2025-11-03 12:43:39.368 INFO  [restartedMain] liquibase.util - Run:                          0
2025-11-03 12:43:39.368 INFO  [restartedMain] liquibase.util - Previously run:               5
2025-11-03 12:43:39.368 INFO  [restartedMain] liquibase.util - Filtered out:                 0
2025-11-03 12:43:39.369 INFO  [restartedMain] liquibase.util - -------------------------------
2025-11-03 12:43:39.369 INFO  [restartedMain] liquibase.util - Total change sets:            5
2025-11-03 12:43:39.370 INFO  [restartedMain] liquibase.util - Update summary generated
2025-11-03 12:43:39.372 INFO  [restartedMain] liquibase.command - Command execution complete
2025-11-03 12:43:39.407 INFO  [restartedMain] com.zaxxer.hikari.HikariDataSource - HikariPool-2 - Starting...
2025-11-03 12:43:39.447 INFO  [restartedMain] com.zaxxer.hikari.pool.HikariPool - HikariPool-2 - Added connection org.postgresql.jdbc.PgConnection@6d8198b6
2025-11-03 12:43:39.447 INFO  [restartedMain] com.zaxxer.hikari.HikariDataSource - HikariPool-2 - Start completed.
2025-11-03 12:43:39.606 INFO  [restartedMain] liquibase.changelog - Reading from public.databasechangelog
2025-11-03 12:43:39.679 INFO  [restartedMain] liquibase.ui - Database is up to date, no changesets to execute
2025-11-03 12:43:39.682 INFO  [restartedMain] liquibase.changelog - Reading from public.databasechangelog
2025-11-03 12:43:39.687 INFO  [restartedMain] liquibase.util - UPDATE SUMMARY
2025-11-03 12:43:39.687 INFO  [restartedMain] liquibase.util - Run:                          0
2025-11-03 12:43:39.687 INFO  [restartedMain] liquibase.util - Previously run:               6
2025-11-03 12:43:39.687 INFO  [restartedMain] liquibase.util - Filtered out:                 0
2025-11-03 12:43:39.688 INFO  [restartedMain] liquibase.util - -------------------------------
2025-11-03 12:43:39.688 INFO  [restartedMain] liquibase.util - Total change sets:            6
2025-11-03 12:43:39.688 INFO  [restartedMain] liquibase.util - Update summary generated
2025-11-03 12:43:39.688 INFO  [restartedMain] liquibase.command - Command execution complete
2025-11-03 12:43:39.773 INFO  [restartedMain] o.h.jpa.internal.util.LogHelper - HHH000204: Processing PersistenceUnitInfo [name: coursePU]
2025-11-03 12:43:39.940 INFO  [restartedMain] org.hibernate.Version - HHH000412: Hibernate ORM core version 6.6.5.Final
2025-11-03 12:43:40.013 INFO  [restartedMain] o.h.c.i.RegionFactoryInitiator - HHH000026: Second-level cache disabled
2025-11-03 12:43:40.988 INFO  [restartedMain] o.s.o.j.p.SpringPersistenceUnitInfo - No LoadTimeWeaver setup: ignoring JPA class transformer
2025-11-03 12:43:41.236 INFO  [restartedMain] o.hibernate.orm.connections.pooling - HHH10001005: Database info:
	Database JDBC URL [Connecting through datasource 'HikariDataSource (HikariPool-2)']
	Database driver: undefined/unknown
	Database version: 15.14
	Autocommit mode: undefined/unknown
	Isolation level: undefined/unknown
	Minimum pool size: undefined/unknown
	Maximum pool size: undefined/unknown
2025-11-03 12:43:43.521 INFO  [restartedMain] o.h.e.t.j.p.i.JtaPlatformInitiator - HHH000489: No JTA platform available (set 'hibernate.transaction.jta.platform' to enable JTA platform integration)
2025-11-03 12:43:43.521 INFO  [restartedMain] o.s.o.j.LocalContainerEntityManagerFactoryBean - Initialized JPA EntityManagerFactory for persistence unit 'coursePU'
2025-11-03 12:43:43.561 INFO  [restartedMain] o.h.jpa.internal.util.LogHelper - HHH000204: Processing PersistenceUnitInfo [name: storagePU]
2025-11-03 12:43:43.562 INFO  [restartedMain] o.h.c.i.RegionFactoryInitiator - HHH000026: Second-level cache disabled
2025-11-03 12:43:43.732 INFO  [restartedMain] o.s.o.j.p.SpringPersistenceUnitInfo - No LoadTimeWeaver setup: ignoring JPA class transformer
2025-11-03 12:43:43.743 INFO  [restartedMain] o.hibernate.orm.connections.pooling - HHH10001005: Database info:
	Database JDBC URL [Connecting through datasource 'HikariDataSource (HikariPool-1)']
	Database driver: undefined/unknown
	Database version: 15.14
	Autocommit mode: undefined/unknown
	Isolation level: undefined/unknown
	Minimum pool size: undefined/unknown
	Maximum pool size: undefined/unknown
2025-11-03 12:43:43.832 INFO  [restartedMain] o.h.e.t.j.p.i.JtaPlatformInitiator - HHH000489: No JTA platform available (set 'hibernate.transaction.jta.platform' to enable JTA platform integration)
2025-11-03 12:43:43.832 INFO  [restartedMain] o.s.o.j.LocalContainerEntityManagerFactoryBean - Initialized JPA EntityManagerFactory for persistence unit 'storagePU'
2025-11-03 12:43:45.559 INFO  [restartedMain] o.s.d.j.r.query.QueryEnhancerFactory - Hibernate is in classpath; If applicable, HQL parser will be used.
2025-11-03 12:43:47.093 WARN  [restartedMain] com.amazonaws.util.VersionInfoUtils - The AWS SDK for Java 1.x entered maintenance mode starting July 31, 2024 and will reach end of support on December 31, 2025. For more information, see https://aws.amazon.com/blogs/developer/the-aws-sdk-for-java-1-x-is-in-maintenance-mode-effective-july-31-2024/
You can print where on the file system the AWS SDK for Java 1.x core runtime is located by setting the AWS_JAVA_V1_PRINT_LOCATION environment variable or aws.java.v1.printLocation system property to 'true'.
This message can be disabled by setting the AWS_JAVA_V1_DISABLE_DEPRECATION_ANNOUNCEMENT environment variable or aws.java.v1.disableDeprecationAnnouncement system property to 'true'.
The AWS SDK for Java 1.x is being used here:
at java.base/java.lang.Thread.getStackTrace(Thread.java:2450)
at com.amazonaws.util.VersionInfoUtils.printDeprecationAnnouncement(VersionInfoUtils.java:81)
at com.amazonaws.util.VersionInfoUtils.<clinit>(VersionInfoUtils.java:59)
at com.amazonaws.internal.EC2ResourceFetcher.<clinit>(EC2ResourceFetcher.java:44)
at com.amazonaws.auth.InstanceMetadataServiceCredentialsFetcher.<init>(InstanceMetadataServiceCredentialsFetcher.java:38)
at com.amazonaws.auth.InstanceProfileCredentialsProvider.<init>(InstanceProfileCredentialsProvider.java:111)
at com.amazonaws.auth.InstanceProfileCredentialsProvider.<init>(InstanceProfileCredentialsProvider.java:91)
at com.amazonaws.auth.InstanceProfileCredentialsProvider.<init>(InstanceProfileCredentialsProvider.java:75)
at com.amazonaws.auth.InstanceProfileCredentialsProvider.<clinit>(InstanceProfileCredentialsProvider.java:58)
at com.amazonaws.auth.EC2ContainerCredentialsProviderWrapper.initializeProvider(EC2ContainerCredentialsProviderWrapper.java:66)
at com.amazonaws.auth.EC2ContainerCredentialsProviderWrapper.<init>(EC2ContainerCredentialsProviderWrapper.java:55)
at com.amazonaws.auth.DefaultAWSCredentialsProviderChain.<init>(DefaultAWSCredentialsProviderChain.java:60)
at com.amazonaws.auth.DefaultAWSCredentialsProviderChain.<clinit>(DefaultAWSCredentialsProviderChain.java:54)
at com.amazonaws.services.s3.AmazonS3ClientBuilder.standard(AmazonS3ClientBuilder.java:46)
at com.simplon_project.skillhub.skillhub.storage.config.s3.AmazonS3Config.amazonS3(AmazonS3Config.java:49)
at com.simplon_project.skillhub.skillhub.storage.config.s3.AmazonS3Config$$SpringCGLIB$$0.CGLIB$amazonS3$0(<generated>)
at com.simplon_project.skillhub.skillhub.storage.config.s3.AmazonS3Config$$SpringCGLIB$$FastClass$$1.invoke(<generated>)
at org.springframework.cglib.proxy.MethodProxy.invokeSuper(MethodProxy.java:258)
at org.springframework.context.annotation.ConfigurationClassEnhancer$BeanMethodInterceptor.intercept(ConfigurationClassEnhancer.java:348)
at com.simplon_project.skillhub.skillhub.storage.config.s3.AmazonS3Config$$SpringCGLIB$$0.amazonS3(<generated>)
at java.base/jdk.internal.reflect.DirectMethodHandleAccessor.invoke(DirectMethodHandleAccessor.java:103)
at java.base/java.lang.reflect.Method.invoke(Method.java:580)
at org.springframework.beans.factory.support.SimpleInstantiationStrategy.lambda$instantiate$0(SimpleInstantiationStrategy.java:171)
at org.springframework.beans.factory.support.SimpleInstantiationStrategy.instantiateWithFactoryMethod(SimpleInstantiationStrategy.java:88)
at org.springframework.beans.factory.support.SimpleInstantiationStrategy.instantiate(SimpleInstantiationStrategy.java:168)
at org.springframework.beans.factory.support.ConstructorResolver.instantiate(ConstructorResolver.java:653)
at org.springframework.beans.factory.support.ConstructorResolver.instantiateUsingFactoryMethod(ConstructorResolver.java:489)
at org.springframework.beans.factory.support.AbstractAutowireCapableBeanFactory.instantiateUsingFactoryMethod(AbstractAutowireCapableBeanFactory.java:1361)
at org.springframework.beans.factory.support.AbstractAutowireCapableBeanFactory.createBeanInstance(AbstractAutowireCapableBeanFactory.java:1191)
at org.springframework.beans.factory.support.AbstractAutowireCapableBeanFactory.doCreateBean(AbstractAutowireCapableBeanFactory.java:563)
at org.springframework.beans.factory.support.AbstractAutowireCapableBeanFactory.createBean(AbstractAutowireCapableBeanFactory.java:523)
at org.springframework.beans.factory.support.AbstractBeanFactory.lambda$doGetBean$0(AbstractBeanFactory.java:336)
at org.springframework.beans.factory.support.DefaultSingletonBeanRegistry.getSingleton(DefaultSingletonBeanRegistry.java:307)
at org.springframework.beans.factory.support.AbstractBeanFactory.doGetBean(AbstractBeanFactory.java:334)
at org.springframework.beans.factory.support.AbstractBeanFactory.getBean(AbstractBeanFactory.java:199)
at org.springframework.beans.factory.config.DependencyDescriptor.resolveCandidate(DependencyDescriptor.java:254)
at org.springframework.beans.factory.support.DefaultListableBeanFactory.doResolveDependency(DefaultListableBeanFactory.java:1631)
at org.springframework.beans.factory.support.DefaultListableBeanFactory.resolveDependency(DefaultListableBeanFactory.java:1519)
at org.springframework.beans.factory.support.ConstructorResolver.resolveAutowiredArgument(ConstructorResolver.java:913)
at org.springframework.beans.factory.support.ConstructorResolver.createArgumentArray(ConstructorResolver.java:791)
at org.springframework.beans.factory.support.ConstructorResolver.autowireConstructor(ConstructorResolver.java:240)
at org.springframework.beans.factory.support.AbstractAutowireCapableBeanFactory.autowireConstructor(AbstractAutowireCapableBeanFactory.java:1381)
at org.springframework.beans.factory.support.AbstractAutowireCapableBeanFactory.createBeanInstance(AbstractAutowireCapableBeanFactory.java:1218)
at org.springframework.beans.factory.support.AbstractAutowireCapableBeanFactory.doCreateBean(AbstractAutowireCapableBeanFactory.java:563)
at org.springframework.beans.factory.support.AbstractAutowireCapableBeanFactory.createBean(AbstractAutowireCapableBeanFactory.java:523)
at org.springframework.beans.factory.support.AbstractBeanFactory.lambda$doGetBean$0(AbstractBeanFactory.java:336)
at org.springframework.beans.factory.support.DefaultSingletonBeanRegistry.getSingleton(DefaultSingletonBeanRegistry.java:307)
at org.springframework.beans.factory.support.AbstractBeanFactory.doGetBean(AbstractBeanFactory.java:334)
at org.springframework.beans.factory.support.AbstractBeanFactory.getBean(AbstractBeanFactory.java:199)
at org.springframework.beans.factory.config.DependencyDescriptor.resolveCandidate(DependencyDescriptor.java:254)
at org.springframework.beans.factory.support.DefaultListableBeanFactory.doResolveDependency(DefaultListableBeanFactory.java:1631)
at org.springframework.beans.factory.support.DefaultListableBeanFactory.resolveDependency(DefaultListableBeanFactory.java:1519)
at org.springframework.beans.factory.support.ConstructorResolver.resolveAutowiredArgument(ConstructorResolver.java:913)
at org.springframework.beans.factory.support.ConstructorResolver.createArgumentArray(ConstructorResolver.java:791)
at org.springframework.beans.factory.support.ConstructorResolver.autowireConstructor(ConstructorResolver.java:240)
at org.springframework.beans.factory.support.AbstractAutowireCapableBeanFactory.autowireConstructor(AbstractAutowireCapableBeanFactory.java:1381)
at org.springframework.beans.factory.support.AbstractAutowireCapableBeanFactory.createBeanInstance(AbstractAutowireCapableBeanFactory.java:1218)
at org.springframework.beans.factory.support.AbstractAutowireCapableBeanFactory.doCreateBean(AbstractAutowireCapableBeanFactory.java:563)
at org.springframework.beans.factory.support.AbstractAutowireCapableBeanFactory.createBean(AbstractAutowireCapableBeanFactory.java:523)
at org.springframework.beans.factory.support.AbstractBeanFactory.lambda$doGetBean$0(AbstractBeanFactory.java:336)
at org.springframework.beans.factory.support.DefaultSingletonBeanRegistry.getSingleton(DefaultSingletonBeanRegistry.java:307)
at org.springframework.beans.factory.support.AbstractBeanFactory.doGetBean(AbstractBeanFactory.java:334)
at org.springframework.beans.factory.support.AbstractBeanFactory.getBean(AbstractBeanFactory.java:199)
at org.springframework.beans.factory.config.DependencyDescriptor.resolveCandidate(DependencyDescriptor.java:254)
at org.springframework.beans.factory.support.DefaultListableBeanFactory.doResolveDependency(DefaultListableBeanFactory.java:1631)
at org.springframework.beans.factory.support.DefaultListableBeanFactory.resolveDependency(DefaultListableBeanFactory.java:1519)
at org.springframework.beans.factory.support.ConstructorResolver.resolveAutowiredArgument(ConstructorResolver.java:913)
at org.springframework.beans.factory.support.ConstructorResolver.createArgumentArray(ConstructorResolver.java:791)
at org.springframework.beans.factory.support.ConstructorResolver.autowireConstructor(ConstructorResolver.java:240)
at org.springframework.beans.factory.support.AbstractAutowireCapableBeanFactory.autowireConstructor(AbstractAutowireCapableBeanFactory.java:1381)
at org.springframework.beans.factory.support.AbstractAutowireCapableBeanFactory.createBeanInstance(AbstractAutowireCapableBeanFactory.java:1218)
at org.springframework.beans.factory.support.AbstractAutowireCapableBeanFactory.doCreateBean(AbstractAutowireCapableBeanFactory.java:563)
at org.springframework.beans.factory.support.AbstractAutowireCapableBeanFactory.createBean(AbstractAutowireCapableBeanFactory.java:523)
at org.springframework.beans.factory.support.AbstractBeanFactory.lambda$doGetBean$0(AbstractBeanFactory.java:336)
at org.springframework.beans.factory.support.DefaultSingletonBeanRegistry.getSingleton(DefaultSingletonBeanRegistry.java:307)
at org.springframework.beans.factory.support.AbstractBeanFactory.doGetBean(AbstractBeanFactory.java:334)
at org.springframework.beans.factory.support.AbstractBeanFactory.getBean(AbstractBeanFactory.java:199)
at org.springframework.beans.factory.support.DefaultListableBeanFactory.instantiateSingleton(DefaultListableBeanFactory.java:1122)
at org.springframework.beans.factory.support.DefaultListableBeanFactory.preInstantiateSingleton(DefaultListableBeanFactory.java:1093)
at org.springframework.beans.factory.support.DefaultListableBeanFactory.preInstantiateSingletons(DefaultListableBeanFactory.java:1030)
at org.springframework.context.support.AbstractApplicationContext.finishBeanFactoryInitialization(AbstractApplicationContext.java:987)
at org.springframework.context.support.AbstractApplicationContext.refresh(AbstractApplicationContext.java:627)
at org.springframework.boot.web.servlet.context.ServletWebServerApplicationContext.refresh(ServletWebServerApplicationContext.java:146)
at org.springframework.boot.SpringApplication.refresh(SpringApplication.java:752)
at org.springframework.boot.SpringApplication.refreshContext(SpringApplication.java:439)
at org.springframework.boot.SpringApplication.run(SpringApplication.java:318)
at org.springframework.boot.SpringApplication.run(SpringApplication.java:1361)
at org.springframework.boot.SpringApplication.run(SpringApplication.java:1350)
at com.simplon_project.skillhub.skillhub.SkillhubApplication.main(SkillhubApplication.java:14)
at java.base/jdk.internal.reflect.DirectMethodHandleAccessor.invoke(DirectMethodHandleAccessor.java:103)
at java.base/java.lang.reflect.Method.invoke(Method.java:580)
at org.springframework.boot.devtools.restart.RestartLauncher.run(RestartLauncher.java:50)
2025-11-03 12:43:49.185 WARN  [restartedMain] o.s.b.a.s.s.UserDetailsServiceAutoConfiguration - 

Using generated security password: a498ac86-30d1-4463-a0e1-30fb417be424

This generated password is for development use only. Your security configuration must be updated before running your application in production.

2025-11-03 12:43:49.226 INFO  [restartedMain] o.s.s.c.a.a.c.InitializeUserDetailsBeanManagerConfigurer$InitializeUserDetailsManagerConfigurer - Global AuthenticationManager configured with UserDetailsService bean with name inMemoryUserDetailsManager
2025-11-03 12:43:50.437 INFO  [restartedMain] o.s.b.a.e.web.EndpointLinksResolver - Exposing 3 endpoints beneath base path '/actuator'
2025-11-03 12:43:52.142 INFO  [restartedMain] o.s.b.a.h.H2ConsoleAutoConfiguration - H2 console available at '/h2-console'. Databases available at 'jdbc:postgresql://localhost:5433/course_service', 'jdbc:postgresql://localhost:5434/storage_service'
2025-11-03 12:43:52.425 WARN  [restartedMain] o.s.b.d.a.OptionalLiveReloadServer - Unable to start LiveReload server
2025-11-03 12:43:53.471 INFO  [restartedMain] o.s.cloud.commons.util.InetUtils - Cannot determine local hostname
2025-11-03 12:43:53.614 DEBUG [restartedMain] o.s.a.r.l.a.MessagingMessageListenerAdapter - Inferred argument type for public void com.simplon_project.skillhub.skillhub.course.adapter.messaging.listeners.VideoMetadataExtractListener.handle(com.simplon_project.skillhub.skillhub.course.adapter.messaging.events.VideoMetadataExtractedEvent) is class com.simplon_project.skillhub.skillhub.course.adapter.messaging.events.VideoMetadataExtractedEvent
2025-11-03 12:43:53.633 DEBUG [restartedMain] o.s.a.r.l.SimpleMessageListenerContainer - No global properties bean
2025-11-03 12:43:53.633 DEBUG [restartedMain] o.s.a.r.l.SimpleMessageListenerContainer - No global properties bean
2025-11-03 12:43:53.633 DEBUG [restartedMain] o.s.a.r.l.a.MessagingMessageListenerAdapter - Inferred argument type for public void com.simplon_project.skillhub.skillhub.course.adapter.messaging.listeners.VideoUploadedListener.handle(com.simplon_project.skillhub.skillhub.course.adapter.messaging.events.VideoUploadedEvent) is class com.simplon_project.skillhub.skillhub.course.adapter.messaging.events.VideoUploadedEvent
2025-11-03 12:43:53.633 DEBUG [restartedMain] o.s.a.r.l.SimpleMessageListenerContainer - No global properties bean
2025-11-03 12:43:53.633 DEBUG [restartedMain] o.s.a.r.l.SimpleMessageListenerContainer - No global properties bean
2025-11-03 12:43:53.739 INFO  [restartedMain] o.a.coyote.http11.Http11NioProtocol - Starting ProtocolHandler ["http-nio-10020"]
2025-11-03 12:43:53.778 INFO  [restartedMain] o.s.b.w.e.tomcat.TomcatWebServer - Tomcat started on port 10020 (http) with context path '/'
2025-11-03 12:43:54.804 INFO  [restartedMain] o.s.cloud.commons.util.InetUtils - Cannot determine local hostname
2025-11-03 12:43:54.805 DEBUG [restartedMain] o.s.a.r.l.SimpleMessageListenerContainer - Starting Rabbit listener container.
2025-11-03 12:43:54.810 INFO  [restartedMain] o.s.a.r.c.CachingConnectionFactory - Attempting to connect to: localhost:5672
2025-11-03 12:43:54.850 DEBUG [restartedMain] c.r.client.impl.ConsumerWorkService - Creating executor service with 8 thread(s) for consumer work service
2025-11-03 12:43:54.917 INFO  [restartedMain] o.s.a.r.c.CachingConnectionFactory - Created new connection: courseConnectionFactory#780a16ec:0/SimpleConnection@4ab0e7e6 [delegate=amqp://admin@127.0.0.1:5672/, localPort=62379]
2025-11-03 12:43:54.924 DEBUG [restartedMain] o.s.amqp.rabbit.core.RabbitAdmin - Initializing declarations
2025-11-03 12:43:54.940 DEBUG [restartedMain] o.s.a.r.c.CachingConnectionFactory - Creating cached Rabbit Channel from AMQChannel(amqp://admin@127.0.0.1:5672/,1)
2025-11-03 12:43:54.950 DEBUG [restartedMain] o.s.amqp.rabbit.core.RabbitTemplate - Executing callback RabbitAdmin$$Lambda/0x000002cc48efe320 on RabbitMQ Channel: Cached Rabbit Channel: AMQChannel(amqp://admin@127.0.0.1:5672/,1), conn: Proxy@68c53249 Shared Rabbit Connection: SimpleConnection@4ab0e7e6 [delegate=amqp://admin@127.0.0.1:5672/, localPort=62379]
2025-11-03 12:43:54.950 DEBUG [restartedMain] o.s.amqp.rabbit.core.RabbitAdmin - declaring Exchange 'course.events'
2025-11-03 12:43:54.955 DEBUG [restartedMain] o.s.amqp.rabbit.core.RabbitAdmin - declaring Exchange 'course.events'
2025-11-03 12:43:54.958 DEBUG [restartedMain] o.s.amqp.rabbit.core.RabbitAdmin - declaring Queue 'course.media.uploaded.queue'
2025-11-03 12:43:54.964 DEBUG [restartedMain] o.s.amqp.rabbit.core.RabbitAdmin - declaring Queue 'course.media.metadata.extracted.queue'
2025-11-03 12:43:54.965 DEBUG [restartedMain] o.s.amqp.rabbit.core.RabbitAdmin - declaring Queue 'course.media.uploaded.queue'
2025-11-03 12:43:54.967 DEBUG [restartedMain] o.s.amqp.rabbit.core.RabbitAdmin - declaring Queue 'course.media.metadata.extracted.queue'
2025-11-03 12:43:54.969 DEBUG [restartedMain] o.s.amqp.rabbit.core.RabbitAdmin - Binding destination [course.media.uploaded.queue (QUEUE)] to exchange [course.events] with routing key [course.media.uploaded.v1]
2025-11-03 12:43:54.974 DEBUG [restartedMain] o.s.amqp.rabbit.core.RabbitAdmin - Binding destination [course.media.metadata.extracted.queue (QUEUE)] to exchange [course.events] with routing key [course.media.metadata.extracted.v1]
2025-11-03 12:43:54.977 DEBUG [restartedMain] o.s.amqp.rabbit.core.RabbitAdmin - Binding destination [course.media.uploaded.queue (QUEUE)] to exchange [course.events] with routing key [course.media.uploaded.v1]
2025-11-03 12:43:54.979 DEBUG [restartedMain] o.s.amqp.rabbit.core.RabbitAdmin - Binding destination [course.media.metadata.extracted.queue (QUEUE)] to exchange [course.events] with routing key [course.media.metadata.extracted.v1]
2025-11-03 12:43:54.982 DEBUG [restartedMain] o.s.amqp.rabbit.core.RabbitAdmin - Declarations finished
2025-11-03 12:43:54.994 DEBUG [org.springframework.amqp.rabbit.RabbitListenerEndpointContainer#0-1] o.s.amqp.rabbit.core.RabbitTemplate - Executing callback RabbitAdmin$$Lambda/0x000002cc48f0cb10 on RabbitMQ Channel: Cached Rabbit Channel: AMQChannel(amqp://admin@127.0.0.1:5672/,1), conn: Proxy@68c53249 Shared Rabbit Connection: SimpleConnection@4ab0e7e6 [delegate=amqp://admin@127.0.0.1:5672/, localPort=62379]
2025-11-03 12:43:54.997 DEBUG [org.springframework.amqp.rabbit.RabbitListenerEndpointContainer#0-1] o.s.amqp.rabbit.core.RabbitTemplate - Executing callback RabbitAdmin$$Lambda/0x000002cc48f0cb10 on RabbitMQ Channel: Cached Rabbit Channel: AMQChannel(amqp://admin@127.0.0.1:5672/,1), conn: Proxy@68c53249 Shared Rabbit Connection: SimpleConnection@4ab0e7e6 [delegate=amqp://admin@127.0.0.1:5672/, localPort=62379]
2025-11-03 12:43:55.004 DEBUG [org.springframework.amqp.rabbit.RabbitListenerEndpointContainer#0-1] o.s.a.r.l.BlockingQueueConsumer - Starting consumer Consumer@3ee1e34d: tags=[[]], channel=null, acknowledgeMode=AUTO local queue size=0
2025-11-03 12:43:55.028 DEBUG [org.springframework.amqp.rabbit.RabbitListenerEndpointContainer#0-1] o.s.a.r.l.BlockingQueueConsumer - Started on queue 'course.media.metadata.extracted.queue' with tag amq.ctag-Woby3DuojXEhKf0y6Q4uuA: Consumer@3ee1e34d: tags=[[]], channel=Cached Rabbit Channel: AMQChannel(amqp://admin@127.0.0.1:5672/,1), conn: Proxy@68c53249 Shared Rabbit Connection: SimpleConnection@4ab0e7e6 [delegate=amqp://admin@127.0.0.1:5672/, localPort=62379], acknowledgeMode=AUTO local queue size=0
2025-11-03 12:43:55.028 DEBUG [pool-2-thread-3] o.s.a.r.l.BlockingQueueConsumer - ConsumeOK: Consumer@3ee1e34d: tags=[[amq.ctag-Woby3DuojXEhKf0y6Q4uuA]], channel=Cached Rabbit Channel: AMQChannel(amqp://admin@127.0.0.1:5672/,1), conn: Proxy@68c53249 Shared Rabbit Connection: SimpleConnection@4ab0e7e6 [delegate=amqp://admin@127.0.0.1:5672/, localPort=62379], acknowledgeMode=AUTO local queue size=0
2025-11-03 12:43:55.028 DEBUG [restartedMain] o.s.a.r.l.SimpleMessageListenerContainer - Starting Rabbit listener container.
2025-11-03 12:43:55.037 DEBUG [org.springframework.amqp.rabbit.RabbitListenerEndpointContainer#1-1] o.s.a.r.c.CachingConnectionFactory - Creating cached Rabbit Channel from AMQChannel(amqp://admin@127.0.0.1:5672/,2)
2025-11-03 12:43:55.037 DEBUG [org.springframework.amqp.rabbit.RabbitListenerEndpointContainer#1-1] o.s.amqp.rabbit.core.RabbitTemplate - Executing callback RabbitAdmin$$Lambda/0x000002cc48f0cb10 on RabbitMQ Channel: Cached Rabbit Channel: AMQChannel(amqp://admin@127.0.0.1:5672/,2), conn: Proxy@68c53249 Shared Rabbit Connection: SimpleConnection@4ab0e7e6 [delegate=amqp://admin@127.0.0.1:5672/, localPort=62379]
2025-11-03 12:43:55.040 DEBUG [org.springframework.amqp.rabbit.RabbitListenerEndpointContainer#1-1] o.s.amqp.rabbit.core.RabbitTemplate - Executing callback RabbitAdmin$$Lambda/0x000002cc48f0cb10 on RabbitMQ Channel: Cached Rabbit Channel: AMQChannel(amqp://admin@127.0.0.1:5672/,2), conn: Proxy@68c53249 Shared Rabbit Connection: SimpleConnection@4ab0e7e6 [delegate=amqp://admin@127.0.0.1:5672/, localPort=62379]
2025-11-03 12:43:55.042 DEBUG [org.springframework.amqp.rabbit.RabbitListenerEndpointContainer#1-1] o.s.a.r.l.BlockingQueueConsumer - Starting consumer Consumer@3072037f: tags=[[]], channel=null, acknowledgeMode=AUTO local queue size=0
2025-11-03 12:43:55.049 DEBUG [pool-2-thread-4] o.s.a.r.l.BlockingQueueConsumer - ConsumeOK: Consumer@3072037f: tags=[[amq.ctag-cK27TFBpUrIvogcDvMIW4g]], channel=Cached Rabbit Channel: AMQChannel(amqp://admin@127.0.0.1:5672/,2), conn: Proxy@68c53249 Shared Rabbit Connection: SimpleConnection@4ab0e7e6 [delegate=amqp://admin@127.0.0.1:5672/, localPort=62379], acknowledgeMode=AUTO local queue size=0
2025-11-03 12:43:55.049 DEBUG [org.springframework.amqp.rabbit.RabbitListenerEndpointContainer#1-1] o.s.a.r.l.BlockingQueueConsumer - Started on queue 'course.media.uploaded.queue' with tag amq.ctag-cK27TFBpUrIvogcDvMIW4g: Consumer@3072037f: tags=[[]], channel=Cached Rabbit Channel: AMQChannel(amqp://admin@127.0.0.1:5672/,2), conn: Proxy@68c53249 Shared Rabbit Connection: SimpleConnection@4ab0e7e6 [delegate=amqp://admin@127.0.0.1:5672/, localPort=62379], acknowledgeMode=AUTO local queue size=0
2025-11-03 12:43:55.073 INFO  [restartedMain] c.s.s.skillhub.SkillhubApplication - Started SkillhubApplication in 27.608 seconds (process running for 30.524)
2025-11-03 12:43:55.084 INFO  [restartedMain] c.s.s.skillhub.config.Configuration - 
=====================================================================

    Base Url: http://localhost:10020/

    Swagger Url: http://localhost:10020/swagger-ui/index.html

   Health Url: http://localhost:10020/actuator/health

=====================================================================
2025-11-03 12:43:55.084 INFO  [restartedMain] c.s.s.skillhub.SkillhubApplication - ✅ Application démarrée — test création du fichier de log
2025-11-03 12:43:56.738 INFO  [http-nio-10020-exec-1] o.a.c.c.C.[Tomcat].[localhost].[/] - Initializing Spring DispatcherServlet 'dispatcherServlet'
2025-11-03 12:43:56.738 INFO  [http-nio-10020-exec-1] o.s.web.servlet.DispatcherServlet - Initializing Servlet 'dispatcherServlet'
2025-11-03 12:43:56.742 INFO  [http-nio-10020-exec-1] o.s.web.servlet.DispatcherServlet - Completed initialization in 2 ms
2025-11-03 12:51:09.177 INFO  [File Watcher] o.s.b.d.a.LocalDevToolsAutoConfiguration$RestartingClassPathChangeChangedEventListener - Restarting due to 1 class path change (0 additions, 1 deletion, 0 modifications)
2025-11-03 12:51:09.193 DEBUG [Thread-1] o.s.a.r.l.SimpleMessageListenerContainer - Shutting down Rabbit listener container
2025-11-03 12:51:09.205 DEBUG [Thread-1] o.s.a.r.l.SimpleMessageListenerContainer - Shutting down Rabbit listener container
2025-11-03 12:51:09.205 INFO  [org.springframework.amqp.rabbit.RabbitListenerEndpointContainer#0-2] o.s.a.r.l.SimpleMessageListenerContainer - Waiting for workers to finish.
2025-11-03 12:51:09.210 DEBUG [pool-2-thread-5] o.s.a.r.l.BlockingQueueConsumer - Received cancelOk for tag amq.ctag-Woby3DuojXEhKf0y6Q4uuA (course.media.metadata.extracted.queue); Consumer@3ee1e34d: tags=[[amq.ctag-Woby3DuojXEhKf0y6Q4uuA]], channel=Cached Rabbit Channel: AMQChannel(amqp://admin@127.0.0.1:5672/,1), conn: Proxy@68c53249 Shared Rabbit Connection: SimpleConnection@4ab0e7e6 [delegate=amqp://admin@127.0.0.1:5672/, localPort=62379], acknowledgeMode=AUTO local queue size=0
2025-11-03 12:51:09.211 INFO  [org.springframework.amqp.rabbit.RabbitListenerEndpointContainer#1-2] o.s.a.r.l.SimpleMessageListenerContainer - Waiting for workers to finish.
2025-11-03 12:51:09.211 DEBUG [pool-2-thread-6] o.s.a.r.l.BlockingQueueConsumer - Received cancelOk for tag amq.ctag-cK27TFBpUrIvogcDvMIW4g (course.media.uploaded.queue); Consumer@3072037f: tags=[[amq.ctag-cK27TFBpUrIvogcDvMIW4g]], channel=Cached Rabbit Channel: AMQChannel(amqp://admin@127.0.0.1:5672/,2), conn: Proxy@68c53249 Shared Rabbit Connection: SimpleConnection@4ab0e7e6 [delegate=amqp://admin@127.0.0.1:5672/, localPort=62379], acknowledgeMode=AUTO local queue size=0
2025-11-03 12:51:09.243 INFO  [org.springframework.amqp.rabbit.RabbitListenerEndpointContainer#1-2] o.s.a.r.l.SimpleMessageListenerContainer - Successfully waited for workers to finish.
2025-11-03 12:51:09.244 DEBUG [org.springframework.amqp.rabbit.RabbitListenerEndpointContainer#1-1] o.s.a.r.l.SimpleMessageListenerContainer - Cancelling Consumer@3072037f: tags=[[amq.ctag-cK27TFBpUrIvogcDvMIW4g]], channel=Cached Rabbit Channel: AMQChannel(amqp://admin@127.0.0.1:5672/,2), conn: Proxy@68c53249 Shared Rabbit Connection: SimpleConnection@4ab0e7e6 [delegate=amqp://admin@127.0.0.1:5672/, localPort=62379], acknowledgeMode=AUTO local queue size=0
2025-11-03 12:51:09.244 DEBUG [org.springframework.amqp.rabbit.RabbitListenerEndpointContainer#1-1] o.s.a.r.l.BlockingQueueConsumer - Closing Rabbit Channel: Cached Rabbit Channel: AMQChannel(amqp://admin@127.0.0.1:5672/,2), conn: Proxy@68c53249 Shared Rabbit Connection: SimpleConnection@4ab0e7e6 [delegate=amqp://admin@127.0.0.1:5672/, localPort=62379]
2025-11-03 12:51:09.244 DEBUG [org.springframework.amqp.rabbit.RabbitListenerEndpointContainer#1-1] o.s.a.r.c.CachingConnectionFactory - Closing cached Channel: AMQChannel(amqp://admin@127.0.0.1:5672/,2)
2025-11-03 12:51:09.318 INFO  [org.springframework.amqp.rabbit.RabbitListenerEndpointContainer#0-2] o.s.a.r.l.SimpleMessageListenerContainer - Successfully waited for workers to finish.
2025-11-03 12:51:09.318 DEBUG [org.springframework.amqp.rabbit.RabbitListenerEndpointContainer#0-1] o.s.a.r.l.SimpleMessageListenerContainer - Cancelling Consumer@3ee1e34d: tags=[[amq.ctag-Woby3DuojXEhKf0y6Q4uuA]], channel=Cached Rabbit Channel: AMQChannel(amqp://admin@127.0.0.1:5672/,1), conn: Proxy@68c53249 Shared Rabbit Connection: SimpleConnection@4ab0e7e6 [delegate=amqp://admin@127.0.0.1:5672/, localPort=62379], acknowledgeMode=AUTO local queue size=0
2025-11-03 12:51:09.319 DEBUG [org.springframework.amqp.rabbit.RabbitListenerEndpointContainer#0-1] o.s.a.r.l.BlockingQueueConsumer - Closing Rabbit Channel: Cached Rabbit Channel: AMQChannel(amqp://admin@127.0.0.1:5672/,1), conn: Proxy@68c53249 Shared Rabbit Connection: SimpleConnection@4ab0e7e6 [delegate=amqp://admin@127.0.0.1:5672/, localPort=62379]
2025-11-03 12:51:09.319 DEBUG [org.springframework.amqp.rabbit.RabbitListenerEndpointContainer#0-1] o.s.a.r.c.CachingConnectionFactory - Closing cached Channel: AMQChannel(amqp://admin@127.0.0.1:5672/,1)
2025-11-03 12:51:09.322 INFO  [Thread-1] o.s.b.w.e.tomcat.GracefulShutdown - Commencing graceful shutdown. Waiting for active requests to complete
2025-11-03 12:51:09.327 INFO  [tomcat-shutdown] o.a.coyote.http11.Http11NioProtocol - Pausing ProtocolHandler ["http-nio-10020"]
2025-11-03 12:51:09.364 INFO  [tomcat-shutdown] o.s.b.w.e.tomcat.GracefulShutdown - Graceful shutdown complete
2025-11-03 12:51:09.364 INFO  [Thread-1] o.a.coyote.http11.Http11NioProtocol - Stopping ProtocolHandler ["http-nio-10020"]
2025-11-03 12:51:09.405 DEBUG [Thread-1] o.s.a.r.l.SimpleMessageListenerContainer - Shutdown ignored - container is not active already
2025-11-03 12:51:09.406 DEBUG [Thread-1] o.s.a.r.l.SimpleMessageListenerContainer - Shutdown ignored - container is not active already
2025-11-03 12:51:09.430 INFO  [Thread-1] o.s.o.j.LocalContainerEntityManagerFactoryBean - Closing JPA EntityManagerFactory for persistence unit 'storagePU'
2025-11-03 12:51:09.433 INFO  [Thread-1] o.s.o.j.LocalContainerEntityManagerFactoryBean - Closing JPA EntityManagerFactory for persistence unit 'coursePU'
2025-11-03 12:51:09.435 INFO  [Thread-1] com.zaxxer.hikari.HikariDataSource - HikariPool-2 - Shutdown initiated...
2025-11-03 12:51:09.450 INFO  [Thread-1] com.zaxxer.hikari.HikariDataSource - HikariPool-2 - Shutdown completed.
2025-11-03 12:51:09.451 INFO  [Thread-1] com.zaxxer.hikari.HikariDataSource - HikariPool-1 - Shutdown initiated...
2025-11-03 12:51:09.460 INFO  [Thread-1] com.zaxxer.hikari.HikariDataSource - HikariPool-1 - Shutdown completed.
2025-11-03 12:51:10.907 INFO  [restartedMain] c.s.s.skillhub.SkillhubApplication - Starting SkillhubApplication using Java 21.0.4 with PID 2584 (C:\Users\Utilisateur\Documents\PROJET\e-learning-monolith-back\target\classes started by Utilisateur in C:\Users\Utilisateur\Documents\PROJET\e-learning-monolith-back)
2025-11-03 12:51:10.908 DEBUG [restartedMain] c.s.s.skillhub.SkillhubApplication - Running with Spring Boot v3.4.2, Spring v6.2.2
2025-11-03 12:51:10.908 INFO  [restartedMain] c.s.s.skillhub.SkillhubApplication - The following 1 profile is active: "usage_message"
2025-11-03 12:51:15.026 INFO  [restartedMain] o.s.d.r.c.RepositoryConfigurationDelegate - Bootstrapping Spring Data JPA repositories in DEFAULT mode.
2025-11-03 12:51:15.128 INFO  [restartedMain] o.s.d.r.c.RepositoryConfigurationDelegate - Finished Spring Data repository scanning in 97 ms. Found 3 JPA repository interfaces.
2025-11-03 12:51:15.136 INFO  [restartedMain] o.s.d.r.c.RepositoryConfigurationDelegate - Bootstrapping Spring Data JPA repositories in DEFAULT mode.
2025-11-03 12:51:15.168 INFO  [restartedMain] o.s.d.r.c.RepositoryConfigurationDelegate - Finished Spring Data repository scanning in 26 ms. Found 1 JPA repository interface.
2025-11-03 12:51:16.141 INFO  [restartedMain] o.s.cloud.context.scope.GenericScope - BeanFactory id=31f20701-2535-3eab-9656-e3c2e2d5cadc
2025-11-03 12:51:16.868 INFO  [restartedMain] o.s.b.w.e.tomcat.TomcatWebServer - Tomcat initialized with port 10020 (http)
2025-11-03 12:51:16.874 INFO  [restartedMain] o.a.coyote.http11.Http11NioProtocol - Initializing ProtocolHandler ["http-nio-10020"]
2025-11-03 12:51:16.874 INFO  [restartedMain] o.a.catalina.core.StandardService - Starting service [Tomcat]
2025-11-03 12:51:16.875 INFO  [restartedMain] o.a.catalina.core.StandardEngine - Starting Servlet engine: [Apache Tomcat/10.1.34]
2025-11-03 12:51:17.296 INFO  [restartedMain] o.a.c.c.C.[Tomcat].[localhost].[/] - Initializing Spring embedded WebApplicationContext
2025-11-03 12:51:17.296 INFO  [restartedMain] o.s.b.w.s.c.ServletWebServerApplicationContext - Root WebApplicationContext: initialization completed in 6372 ms
2025-11-03 12:51:18.188 INFO  [restartedMain] com.zaxxer.hikari.HikariDataSource - HikariPool-3 - Starting...
2025-11-03 12:51:18.288 INFO  [restartedMain] com.zaxxer.hikari.pool.HikariPool - HikariPool-3 - Added connection org.postgresql.jdbc.PgConnection@197232b5
2025-11-03 12:51:18.289 INFO  [restartedMain] com.zaxxer.hikari.HikariDataSource - HikariPool-3 - Start completed.
2025-11-03 12:51:18.325 INFO  [restartedMain] liquibase.database - Set default schema name to public
2025-11-03 12:51:19.564 INFO  [restartedMain] liquibase.changelog - Reading from public.databasechangelog
2025-11-03 12:51:19.743 INFO  [restartedMain] liquibase.ui - Database is up to date, no changesets to execute
2025-11-03 12:51:19.751 INFO  [restartedMain] liquibase.changelog - Reading from public.databasechangelog
2025-11-03 12:51:19.765 INFO  [restartedMain] liquibase.util - UPDATE SUMMARY
2025-11-03 12:51:19.767 INFO  [restartedMain] liquibase.util - Run:                          0
2025-11-03 12:51:19.767 INFO  [restartedMain] liquibase.util - Previously run:               5
2025-11-03 12:51:19.767 INFO  [restartedMain] liquibase.util - Filtered out:                 0
2025-11-03 12:51:19.767 INFO  [restartedMain] liquibase.util - -------------------------------
2025-11-03 12:51:19.767 INFO  [restartedMain] liquibase.util - Total change sets:            5
2025-11-03 12:51:19.767 INFO  [restartedMain] liquibase.util - Update summary generated
2025-11-03 12:51:19.767 INFO  [restartedMain] liquibase.command - Command execution complete
2025-11-03 12:51:19.842 INFO  [restartedMain] com.zaxxer.hikari.HikariDataSource - HikariPool-4 - Starting...
2025-11-03 12:51:19.915 INFO  [restartedMain] com.zaxxer.hikari.pool.HikariPool - HikariPool-4 - Added connection org.postgresql.jdbc.PgConnection@62ba286e
2025-11-03 12:51:19.916 INFO  [restartedMain] com.zaxxer.hikari.HikariDataSource - HikariPool-4 - Start completed.
2025-11-03 12:51:20.137 INFO  [restartedMain] liquibase.changelog - Reading from public.databasechangelog
2025-11-03 12:51:20.230 INFO  [restartedMain] liquibase.ui - Database is up to date, no changesets to execute
2025-11-03 12:51:20.236 INFO  [restartedMain] liquibase.changelog - Reading from public.databasechangelog
2025-11-03 12:51:20.245 INFO  [restartedMain] liquibase.util - UPDATE SUMMARY
2025-11-03 12:51:20.245 INFO  [restartedMain] liquibase.util - Run:                          0
2025-11-03 12:51:20.245 INFO  [restartedMain] liquibase.util - Previously run:               6
2025-11-03 12:51:20.245 INFO  [restartedMain] liquibase.util - Filtered out:                 0
2025-11-03 12:51:20.245 INFO  [restartedMain] liquibase.util - -------------------------------
2025-11-03 12:51:20.245 INFO  [restartedMain] liquibase.util - Total change sets:            6
2025-11-03 12:51:20.246 INFO  [restartedMain] liquibase.util - Update summary generated
2025-11-03 12:51:20.246 INFO  [restartedMain] liquibase.command - Command execution complete
2025-11-03 12:51:20.283 INFO  [restartedMain] o.h.jpa.internal.util.LogHelper - HHH000204: Processing PersistenceUnitInfo [name: coursePU]
2025-11-03 12:51:20.313 INFO  [restartedMain] o.h.c.i.RegionFactoryInitiator - HHH000026: Second-level cache disabled
2025-11-03 12:51:21.413 INFO  [restartedMain] o.s.o.j.p.SpringPersistenceUnitInfo - No LoadTimeWeaver setup: ignoring JPA class transformer
2025-11-03 12:51:21.431 INFO  [restartedMain] o.hibernate.orm.connections.pooling - HHH10001005: Database info:
	Database JDBC URL [Connecting through datasource 'HikariDataSource (HikariPool-4)']
	Database driver: undefined/unknown
	Database version: 15.14
	Autocommit mode: undefined/unknown
	Isolation level: undefined/unknown
	Minimum pool size: undefined/unknown
	Maximum pool size: undefined/unknown
2025-11-03 12:51:22.347 INFO  [restartedMain] o.h.e.t.j.p.i.JtaPlatformInitiator - HHH000489: No JTA platform available (set 'hibernate.transaction.jta.platform' to enable JTA platform integration)
2025-11-03 12:51:22.350 INFO  [restartedMain] o.s.o.j.LocalContainerEntityManagerFactoryBean - Initialized JPA EntityManagerFactory for persistence unit 'coursePU'
2025-11-03 12:51:22.408 INFO  [restartedMain] o.h.jpa.internal.util.LogHelper - HHH000204: Processing PersistenceUnitInfo [name: storagePU]
2025-11-03 12:51:22.420 INFO  [restartedMain] o.h.c.i.RegionFactoryInitiator - HHH000026: Second-level cache disabled
2025-11-03 12:51:22.832 INFO  [restartedMain] o.s.o.j.p.SpringPersistenceUnitInfo - No LoadTimeWeaver setup: ignoring JPA class transformer
2025-11-03 12:51:22.848 INFO  [restartedMain] o.hibernate.orm.connections.pooling - HHH10001005: Database info:
	Database JDBC URL [Connecting through datasource 'HikariDataSource (HikariPool-3)']
	Database driver: undefined/unknown
	Database version: 15.14
	Autocommit mode: undefined/unknown
	Isolation level: undefined/unknown
	Minimum pool size: undefined/unknown
	Maximum pool size: undefined/unknown
2025-11-03 12:51:23.055 INFO  [restartedMain] o.h.e.t.j.p.i.JtaPlatformInitiator - HHH000489: No JTA platform available (set 'hibernate.transaction.jta.platform' to enable JTA platform integration)
2025-11-03 12:51:23.061 INFO  [restartedMain] o.s.o.j.LocalContainerEntityManagerFactoryBean - Initialized JPA EntityManagerFactory for persistence unit 'storagePU'
2025-11-03 12:51:26.250 WARN  [restartedMain] o.s.b.a.s.s.UserDetailsServiceAutoConfiguration - 

Using generated security password: 1f99624d-46bf-405e-ab4d-416a3d1818e5

This generated password is for development use only. Your security configuration must be updated before running your application in production.

2025-11-03 12:51:26.267 INFO  [restartedMain] o.s.s.c.a.a.c.InitializeUserDetailsBeanManagerConfigurer$InitializeUserDetailsManagerConfigurer - Global AuthenticationManager configured with UserDetailsService bean with name inMemoryUserDetailsManager
2025-11-03 12:51:27.333 INFO  [restartedMain] o.s.b.a.e.web.EndpointLinksResolver - Exposing 3 endpoints beneath base path '/actuator'
2025-11-03 12:51:29.081 INFO  [restartedMain] o.s.b.a.h.H2ConsoleAutoConfiguration - H2 console available at '/h2-console'. Databases available at 'jdbc:postgresql://localhost:5433/course_service', 'jdbc:postgresql://localhost:5434/storage_service'
2025-11-03 12:51:29.245 WARN  [restartedMain] o.s.b.d.a.OptionalLiveReloadServer - Unable to start LiveReload server
2025-11-03 12:51:30.294 INFO  [restartedMain] o.s.cloud.commons.util.InetUtils - Cannot determine local hostname
2025-11-03 12:51:30.400 DEBUG [restartedMain] o.s.a.r.l.a.MessagingMessageListenerAdapter - Inferred argument type for public void com.simplon_project.skillhub.skillhub.course.adapter.messaging.listeners.VideoMetadataExtractListener.handle(com.simplon_project.skillhub.skillhub.course.adapter.messaging.events.VideoMetadataExtractedEvent) is class com.simplon_project.skillhub.skillhub.course.adapter.messaging.events.VideoMetadataExtractedEvent
2025-11-03 12:51:30.400 DEBUG [restartedMain] o.s.a.r.l.SimpleMessageListenerContainer - No global properties bean
2025-11-03 12:51:30.400 DEBUG [restartedMain] o.s.a.r.l.SimpleMessageListenerContainer - No global properties bean
2025-11-03 12:51:30.400 DEBUG [restartedMain] o.s.a.r.l.a.MessagingMessageListenerAdapter - Inferred argument type for public void com.simplon_project.skillhub.skillhub.course.adapter.messaging.listeners.VideoUploadedListener.handle(com.simplon_project.skillhub.skillhub.course.adapter.messaging.events.VideoUploadedEvent) is class com.simplon_project.skillhub.skillhub.course.adapter.messaging.events.VideoUploadedEvent
2025-11-03 12:51:30.400 DEBUG [restartedMain] o.s.a.r.l.SimpleMessageListenerContainer - No global properties bean
2025-11-03 12:51:30.400 DEBUG [restartedMain] o.s.a.r.l.SimpleMessageListenerContainer - No global properties bean
2025-11-03 12:51:30.441 INFO  [restartedMain] o.a.coyote.http11.Http11NioProtocol - Starting ProtocolHandler ["http-nio-10020"]
2025-11-03 12:51:30.482 INFO  [restartedMain] o.s.b.w.e.tomcat.TomcatWebServer - Tomcat started on port 10020 (http) with context path '/'
2025-11-03 12:51:31.092 INFO  [File Watcher] o.s.b.d.a.LocalDevToolsAutoConfiguration$RestartingClassPathChangeChangedEventListener - Restarting due to 1 class path change (1 addition, 0 deletions, 0 modifications)
2025-11-03 12:51:31.523 INFO  [restartedMain] o.s.cloud.commons.util.InetUtils - Cannot determine local hostname
2025-11-03 12:51:31.523 DEBUG [restartedMain] o.s.a.r.l.SimpleMessageListenerContainer - Starting Rabbit listener container.
2025-11-03 12:51:31.525 INFO  [restartedMain] o.s.a.r.c.CachingConnectionFactory - Attempting to connect to: localhost:5672
2025-11-03 12:51:31.528 DEBUG [restartedMain] c.r.client.impl.ConsumerWorkService - Creating executor service with 8 thread(s) for consumer work service
2025-11-03 12:51:31.545 INFO  [restartedMain] o.s.a.r.c.CachingConnectionFactory - Created new connection: courseConnectionFactory#7e6abeae:0/SimpleConnection@14156bf4 [delegate=amqp://admin@127.0.0.1:5672/, localPort=49772]
2025-11-03 12:51:31.545 DEBUG [restartedMain] o.s.amqp.rabbit.core.RabbitAdmin - Initializing declarations
2025-11-03 12:51:31.556 DEBUG [restartedMain] o.s.a.r.c.CachingConnectionFactory - Creating cached Rabbit Channel from AMQChannel(amqp://admin@127.0.0.1:5672/,1)
2025-11-03 12:51:31.557 DEBUG [restartedMain] o.s.amqp.rabbit.core.RabbitTemplate - Executing callback RabbitAdmin$$Lambda/0x000002cc48efe320 on RabbitMQ Channel: Cached Rabbit Channel: AMQChannel(amqp://admin@127.0.0.1:5672/,1), conn: Proxy@770cc7db Shared Rabbit Connection: SimpleConnection@14156bf4 [delegate=amqp://admin@127.0.0.1:5672/, localPort=49772]
2025-11-03 12:51:31.557 DEBUG [restartedMain] o.s.amqp.rabbit.core.RabbitAdmin - declaring Exchange 'course.events'
2025-11-03 12:51:31.558 INFO  [http-nio-10020-exec-1] o.a.c.c.C.[Tomcat].[localhost].[/] - Initializing Spring DispatcherServlet 'dispatcherServlet'
2025-11-03 12:51:31.558 INFO  [http-nio-10020-exec-1] o.s.web.servlet.DispatcherServlet - Initializing Servlet 'dispatcherServlet'
2025-11-03 12:51:31.565 DEBUG [restartedMain] o.s.amqp.rabbit.core.RabbitAdmin - declaring Exchange 'course.events'
2025-11-03 12:51:31.567 INFO  [http-nio-10020-exec-1] o.s.web.servlet.DispatcherServlet - Completed initialization in 8 ms
2025-11-03 12:51:31.570 DEBUG [restartedMain] o.s.amqp.rabbit.core.RabbitAdmin - declaring Queue 'course.media.uploaded.queue'
2025-11-03 12:51:31.575 DEBUG [restartedMain] o.s.amqp.rabbit.core.RabbitAdmin - declaring Queue 'course.media.metadata.extracted.queue'
2025-11-03 12:51:31.579 DEBUG [restartedMain] o.s.amqp.rabbit.core.RabbitAdmin - declaring Queue 'course.media.uploaded.queue'
2025-11-03 12:51:31.584 DEBUG [restartedMain] o.s.amqp.rabbit.core.RabbitAdmin - declaring Queue 'course.media.metadata.extracted.queue'
2025-11-03 12:51:31.588 DEBUG [restartedMain] o.s.amqp.rabbit.core.RabbitAdmin - Binding destination [course.media.uploaded.queue (QUEUE)] to exchange [course.events] with routing key [course.media.uploaded.v1]
2025-11-03 12:51:31.595 DEBUG [restartedMain] o.s.amqp.rabbit.core.RabbitAdmin - Binding destination [course.media.metadata.extracted.queue (QUEUE)] to exchange [course.events] with routing key [course.media.metadata.extracted.v1]
2025-11-03 12:51:31.601 DEBUG [restartedMain] o.s.amqp.rabbit.core.RabbitAdmin - Binding destination [course.media.uploaded.queue (QUEUE)] to exchange [course.events] with routing key [course.media.uploaded.v1]
2025-11-03 12:51:31.606 DEBUG [restartedMain] o.s.amqp.rabbit.core.RabbitAdmin - Binding destination [course.media.metadata.extracted.queue (QUEUE)] to exchange [course.events] with routing key [course.media.metadata.extracted.v1]
2025-11-03 12:51:31.610 DEBUG [restartedMain] o.s.amqp.rabbit.core.RabbitAdmin - Declarations finished
2025-11-03 12:51:31.616 DEBUG [org.springframework.amqp.rabbit.RabbitListenerEndpointContainer#0-1] o.s.amqp.rabbit.core.RabbitTemplate - Executing callback RabbitAdmin$$Lambda/0x000002cc48f0cb10 on RabbitMQ Channel: Cached Rabbit Channel: AMQChannel(amqp://admin@127.0.0.1:5672/,1), conn: Proxy@770cc7db Shared Rabbit Connection: SimpleConnection@14156bf4 [delegate=amqp://admin@127.0.0.1:5672/, localPort=49772]
2025-11-03 12:51:31.623 DEBUG [org.springframework.amqp.rabbit.RabbitListenerEndpointContainer#0-1] o.s.amqp.rabbit.core.RabbitTemplate - Executing callback RabbitAdmin$$Lambda/0x000002cc48f0cb10 on RabbitMQ Channel: Cached Rabbit Channel: AMQChannel(amqp://admin@127.0.0.1:5672/,1), conn: Proxy@770cc7db Shared Rabbit Connection: SimpleConnection@14156bf4 [delegate=amqp://admin@127.0.0.1:5672/, localPort=49772]
2025-11-03 12:51:31.626 DEBUG [org.springframework.amqp.rabbit.RabbitListenerEndpointContainer#0-1] o.s.a.r.l.BlockingQueueConsumer - Starting consumer Consumer@5c2cf43b: tags=[[]], channel=null, acknowledgeMode=AUTO local queue size=0
2025-11-03 12:51:31.641 DEBUG [org.springframework.amqp.rabbit.RabbitListenerEndpointContainer#0-1] o.s.a.r.l.BlockingQueueConsumer - Started on queue 'course.media.metadata.extracted.queue' with tag amq.ctag-7wnl_mhUiltju4qO2l3zuw: Consumer@5c2cf43b: tags=[[]], channel=Cached Rabbit Channel: AMQChannel(amqp://admin@127.0.0.1:5672/,1), conn: Proxy@770cc7db Shared Rabbit Connection: SimpleConnection@14156bf4 [delegate=amqp://admin@127.0.0.1:5672/, localPort=49772], acknowledgeMode=AUTO local queue size=0
2025-11-03 12:51:31.641 DEBUG [restartedMain] o.s.a.r.l.SimpleMessageListenerContainer - Starting Rabbit listener container.
2025-11-03 12:51:31.642 DEBUG [pool-5-thread-3] o.s.a.r.l.BlockingQueueConsumer - ConsumeOK: Consumer@5c2cf43b: tags=[[amq.ctag-7wnl_mhUiltju4qO2l3zuw]], channel=Cached Rabbit Channel: AMQChannel(amqp://admin@127.0.0.1:5672/,1), conn: Proxy@770cc7db Shared Rabbit Connection: SimpleConnection@14156bf4 [delegate=amqp://admin@127.0.0.1:5672/, localPort=49772], acknowledgeMode=AUTO local queue size=0
2025-11-03 12:51:31.653 DEBUG [org.springframework.amqp.rabbit.RabbitListenerEndpointContainer#1-1] o.s.a.r.c.CachingConnectionFactory - Creating cached Rabbit Channel from AMQChannel(amqp://admin@127.0.0.1:5672/,2)
2025-11-03 12:51:31.654 DEBUG [org.springframework.amqp.rabbit.RabbitListenerEndpointContainer#1-1] o.s.amqp.rabbit.core.RabbitTemplate - Executing callback RabbitAdmin$$Lambda/0x000002cc48f0cb10 on RabbitMQ Channel: Cached Rabbit Channel: AMQChannel(amqp://admin@127.0.0.1:5672/,2), conn: Proxy@770cc7db Shared Rabbit Connection: SimpleConnection@14156bf4 [delegate=amqp://admin@127.0.0.1:5672/, localPort=49772]
2025-11-03 12:51:31.664 DEBUG [org.springframework.amqp.rabbit.RabbitListenerEndpointContainer#1-1] o.s.amqp.rabbit.core.RabbitTemplate - Executing callback RabbitAdmin$$Lambda/0x000002cc48f0cb10 on RabbitMQ Channel: Cached Rabbit Channel: AMQChannel(amqp://admin@127.0.0.1:5672/,2), conn: Proxy@770cc7db Shared Rabbit Connection: SimpleConnection@14156bf4 [delegate=amqp://admin@127.0.0.1:5672/, localPort=49772]
2025-11-03 12:51:31.673 DEBUG [org.springframework.amqp.rabbit.RabbitListenerEndpointContainer#1-1] o.s.a.r.l.BlockingQueueConsumer - Starting consumer Consumer@727a5f2e: tags=[[]], channel=null, acknowledgeMode=AUTO local queue size=0
2025-11-03 12:51:31.696 DEBUG [org.springframework.amqp.rabbit.RabbitListenerEndpointContainer#1-1] o.s.a.r.l.BlockingQueueConsumer - Started on queue 'course.media.uploaded.queue' with tag amq.ctag-bWK8cRWgz9C6TWUmek-_ng: Consumer@727a5f2e: tags=[[]], channel=Cached Rabbit Channel: AMQChannel(amqp://admin@127.0.0.1:5672/,2), conn: Proxy@770cc7db Shared Rabbit Connection: SimpleConnection@14156bf4 [delegate=amqp://admin@127.0.0.1:5672/, localPort=49772], acknowledgeMode=AUTO local queue size=0
2025-11-03 12:51:31.705 DEBUG [pool-5-thread-4] o.s.a.r.l.BlockingQueueConsumer - ConsumeOK: Consumer@727a5f2e: tags=[[amq.ctag-bWK8cRWgz9C6TWUmek-_ng]], channel=Cached Rabbit Channel: AMQChannel(amqp://admin@127.0.0.1:5672/,2), conn: Proxy@770cc7db Shared Rabbit Connection: SimpleConnection@14156bf4 [delegate=amqp://admin@127.0.0.1:5672/, localPort=49772], acknowledgeMode=AUTO local queue size=0
2025-11-03 12:51:31.736 INFO  [restartedMain] c.s.s.skillhub.SkillhubApplication - Started SkillhubApplication in 22.053 seconds (process running for 487.185)
2025-11-03 12:51:31.739 DEBUG [Thread-8] o.s.a.r.l.SimpleMessageListenerContainer - Shutting down Rabbit listener container
2025-11-03 12:51:31.743 DEBUG [Thread-8] o.s.a.r.l.SimpleMessageListenerContainer - Shutting down Rabbit listener container
2025-11-03 12:51:31.744 DEBUG [pool-5-thread-5] o.s.a.r.l.BlockingQueueConsumer - Received cancelOk for tag amq.ctag-7wnl_mhUiltju4qO2l3zuw (course.media.metadata.extracted.queue); Consumer@5c2cf43b: tags=[[amq.ctag-7wnl_mhUiltju4qO2l3zuw]], channel=Cached Rabbit Channel: AMQChannel(amqp://admin@127.0.0.1:5672/,1), conn: Proxy@770cc7db Shared Rabbit Connection: SimpleConnection@14156bf4 [delegate=amqp://admin@127.0.0.1:5672/, localPort=49772], acknowledgeMode=AUTO local queue size=0
2025-11-03 12:51:31.745 INFO  [org.springframework.amqp.rabbit.RabbitListenerEndpointContainer#0-2] o.s.a.r.l.SimpleMessageListenerContainer - Waiting for workers to finish.
2025-11-03 12:51:31.747 INFO  [restartedMain] o.s.b.d.a.ConditionEvaluationDeltaLoggingListener - Condition evaluation unchanged
2025-11-03 12:51:31.749 INFO  [org.springframework.amqp.rabbit.RabbitListenerEndpointContainer#1-2] o.s.a.r.l.SimpleMessageListenerContainer - Waiting for workers to finish.
2025-11-03 12:51:31.750 DEBUG [pool-5-thread-6] o.s.a.r.l.BlockingQueueConsumer - Received cancelOk for tag amq.ctag-bWK8cRWgz9C6TWUmek-_ng (course.media.uploaded.queue); Consumer@727a5f2e: tags=[[amq.ctag-bWK8cRWgz9C6TWUmek-_ng]], channel=Cached Rabbit Channel: AMQChannel(amqp://admin@127.0.0.1:5672/,2), conn: Proxy@770cc7db Shared Rabbit Connection: SimpleConnection@14156bf4 [delegate=amqp://admin@127.0.0.1:5672/, localPort=49772], acknowledgeMode=AUTO local queue size=0
2025-11-03 12:51:31.755 INFO  [restartedMain] c.s.s.skillhub.config.Configuration - 
=====================================================================

    Base Url: http://localhost:10020/

    Swagger Url: http://localhost:10020/swagger-ui/index.html

   Health Url: http://localhost:10020/actuator/health

=====================================================================
2025-11-03 12:51:31.755 INFO  [restartedMain] c.s.s.skillhub.SkillhubApplication - ✅ Application démarrée — test création du fichier de log
2025-11-03 12:51:32.650 INFO  [org.springframework.amqp.rabbit.RabbitListenerEndpointContainer#0-2] o.s.a.r.l.SimpleMessageListenerContainer - Successfully waited for workers to finish.
2025-11-03 12:51:32.651 DEBUG [org.springframework.amqp.rabbit.RabbitListenerEndpointContainer#0-1] o.s.a.r.l.SimpleMessageListenerContainer - Cancelling Consumer@5c2cf43b: tags=[[amq.ctag-7wnl_mhUiltju4qO2l3zuw]], channel=Cached Rabbit Channel: AMQChannel(amqp://admin@127.0.0.1:5672/,1), conn: Proxy@770cc7db Shared Rabbit Connection: SimpleConnection@14156bf4 [delegate=amqp://admin@127.0.0.1:5672/, localPort=49772], acknowledgeMode=AUTO local queue size=0
2025-11-03 12:51:32.651 DEBUG [org.springframework.amqp.rabbit.RabbitListenerEndpointContainer#0-1] o.s.a.r.l.BlockingQueueConsumer - Closing Rabbit Channel: Cached Rabbit Channel: AMQChannel(amqp://admin@127.0.0.1:5672/,1), conn: Proxy@770cc7db Shared Rabbit Connection: SimpleConnection@14156bf4 [delegate=amqp://admin@127.0.0.1:5672/, localPort=49772]
2025-11-03 12:51:32.652 DEBUG [org.springframework.amqp.rabbit.RabbitListenerEndpointContainer#0-1] o.s.a.r.c.CachingConnectionFactory - Closing cached Channel: AMQChannel(amqp://admin@127.0.0.1:5672/,1)
2025-11-03 12:51:32.703 INFO  [org.springframework.amqp.rabbit.RabbitListenerEndpointContainer#1-2] o.s.a.r.l.SimpleMessageListenerContainer - Successfully waited for workers to finish.
2025-11-03 12:51:32.704 INFO  [Thread-8] o.s.b.w.e.tomcat.GracefulShutdown - Commencing graceful shutdown. Waiting for active requests to complete
2025-11-03 12:51:32.704 DEBUG [org.springframework.amqp.rabbit.RabbitListenerEndpointContainer#1-1] o.s.a.r.l.SimpleMessageListenerContainer - Cancelling Consumer@727a5f2e: tags=[[amq.ctag-bWK8cRWgz9C6TWUmek-_ng]], channel=Cached Rabbit Channel: AMQChannel(amqp://admin@127.0.0.1:5672/,2), conn: Proxy@770cc7db Shared Rabbit Connection: SimpleConnection@14156bf4 [delegate=amqp://admin@127.0.0.1:5672/, localPort=49772], acknowledgeMode=AUTO local queue size=0
2025-11-03 12:51:32.706 DEBUG [org.springframework.amqp.rabbit.RabbitListenerEndpointContainer#1-1] o.s.a.r.l.BlockingQueueConsumer - Closing Rabbit Channel: Cached Rabbit Channel: AMQChannel(amqp://admin@127.0.0.1:5672/,2), conn: Proxy@770cc7db Shared Rabbit Connection: SimpleConnection@14156bf4 [delegate=amqp://admin@127.0.0.1:5672/, localPort=49772]
2025-11-03 12:51:32.706 DEBUG [org.springframework.amqp.rabbit.RabbitListenerEndpointContainer#1-1] o.s.a.r.c.CachingConnectionFactory - Closing cached Channel: AMQChannel(amqp://admin@127.0.0.1:5672/,2)
2025-11-03 12:51:32.710 INFO  [tomcat-shutdown] o.a.coyote.http11.Http11NioProtocol - Pausing ProtocolHandler ["http-nio-10020"]
2025-11-03 12:51:32.736 INFO  [tomcat-shutdown] o.s.b.w.e.tomcat.GracefulShutdown - Graceful shutdown complete
2025-11-03 12:51:32.736 INFO  [Thread-8] o.a.coyote.http11.Http11NioProtocol - Stopping ProtocolHandler ["http-nio-10020"]
2025-11-03 12:51:32.756 DEBUG [Thread-8] o.s.a.r.l.SimpleMessageListenerContainer - Shutdown ignored - container is not active already
2025-11-03 12:51:32.756 DEBUG [Thread-8] o.s.a.r.l.SimpleMessageListenerContainer - Shutdown ignored - container is not active already
2025-11-03 12:51:32.759 INFO  [Thread-8] o.s.o.j.LocalContainerEntityManagerFactoryBean - Closing JPA EntityManagerFactory for persistence unit 'storagePU'
2025-11-03 12:51:32.760 INFO  [Thread-8] o.s.o.j.LocalContainerEntityManagerFactoryBean - Closing JPA EntityManagerFactory for persistence unit 'coursePU'
2025-11-03 12:51:32.760 INFO  [Thread-8] com.zaxxer.hikari.HikariDataSource - HikariPool-4 - Shutdown initiated...
2025-11-03 12:51:32.772 INFO  [Thread-8] com.zaxxer.hikari.HikariDataSource - HikariPool-4 - Shutdown completed.
2025-11-03 12:51:32.772 INFO  [Thread-8] com.zaxxer.hikari.HikariDataSource - HikariPool-3 - Shutdown initiated...
2025-11-03 12:51:32.777 INFO  [Thread-8] com.zaxxer.hikari.HikariDataSource - HikariPool-3 - Shutdown completed.
2025-11-03 12:51:34.013 INFO  [restartedMain] c.s.s.skillhub.SkillhubApplication - Starting SkillhubApplication using Java 21.0.4 with PID 2584 (C:\Users\Utilisateur\Documents\PROJET\e-learning-monolith-back\target\classes started by Utilisateur in C:\Users\Utilisateur\Documents\PROJET\e-learning-monolith-back)
2025-11-03 12:51:34.013 DEBUG [restartedMain] c.s.s.skillhub.SkillhubApplication - Running with Spring Boot v3.4.2, Spring v6.2.2
2025-11-03 12:51:34.013 INFO  [restartedMain] c.s.s.skillhub.SkillhubApplication - The following 1 profile is active: "usage_message"
2025-11-03 12:51:34.830 INFO  [restartedMain] o.s.d.r.c.RepositoryConfigurationDelegate - Bootstrapping Spring Data JPA repositories in DEFAULT mode.
2025-11-03 12:51:34.882 INFO  [restartedMain] o.s.d.r.c.RepositoryConfigurationDelegate - Finished Spring Data repository scanning in 44 ms. Found 3 JPA repository interfaces.
2025-11-03 12:51:34.882 INFO  [restartedMain] o.s.d.r.c.RepositoryConfigurationDelegate - Bootstrapping Spring Data JPA repositories in DEFAULT mode.
2025-11-03 12:51:34.892 INFO  [restartedMain] o.s.d.r.c.RepositoryConfigurationDelegate - Finished Spring Data repository scanning in 11 ms. Found 1 JPA repository interface.
2025-11-03 12:51:35.396 INFO  [restartedMain] o.s.cloud.context.scope.GenericScope - BeanFactory id=b52957b8-36cc-3832-80da-e99eb6ae0eb2
2025-11-03 12:51:35.745 INFO  [restartedMain] o.s.b.w.e.tomcat.TomcatWebServer - Tomcat initialized with port 10020 (http)
2025-11-03 12:51:35.745 INFO  [restartedMain] o.a.coyote.http11.Http11NioProtocol - Initializing ProtocolHandler ["http-nio-10020"]
2025-11-03 12:51:35.745 INFO  [restartedMain] o.a.catalina.core.StandardService - Starting service [Tomcat]
2025-11-03 12:51:35.745 INFO  [restartedMain] o.a.catalina.core.StandardEngine - Starting Servlet engine: [Apache Tomcat/10.1.34]
2025-11-03 12:51:35.847 INFO  [restartedMain] o.a.c.c.C.[Tomcat].[localhost].[/] - Initializing Spring embedded WebApplicationContext
2025-11-03 12:51:35.847 INFO  [restartedMain] o.s.b.w.s.c.ServletWebServerApplicationContext - Root WebApplicationContext: initialization completed in 1825 ms
2025-11-03 12:51:36.146 INFO  [restartedMain] com.zaxxer.hikari.HikariDataSource - HikariPool-5 - Starting...
2025-11-03 12:51:36.186 INFO  [restartedMain] com.zaxxer.hikari.pool.HikariPool - HikariPool-5 - Added connection org.postgresql.jdbc.PgConnection@2c65197f
2025-11-03 12:51:36.186 INFO  [restartedMain] com.zaxxer.hikari.HikariDataSource - HikariPool-5 - Start completed.
2025-11-03 12:51:36.203 INFO  [restartedMain] liquibase.database - Set default schema name to public
2025-11-03 12:51:36.394 INFO  [restartedMain] liquibase.changelog - Reading from public.databasechangelog
2025-11-03 12:51:36.427 INFO  [restartedMain] liquibase.ui - Database is up to date, no changesets to execute
2025-11-03 12:51:36.429 INFO  [restartedMain] liquibase.changelog - Reading from public.databasechangelog
2025-11-03 12:51:36.434 INFO  [restartedMain] liquibase.util - UPDATE SUMMARY
2025-11-03 12:51:36.434 INFO  [restartedMain] liquibase.util - Run:                          0
2025-11-03 12:51:36.434 INFO  [restartedMain] liquibase.util - Previously run:               5
2025-11-03 12:51:36.434 INFO  [restartedMain] liquibase.util - Filtered out:                 0
2025-11-03 12:51:36.434 INFO  [restartedMain] liquibase.util - -------------------------------
2025-11-03 12:51:36.434 INFO  [restartedMain] liquibase.util - Total change sets:            5
2025-11-03 12:51:36.434 INFO  [restartedMain] liquibase.util - Update summary generated
2025-11-03 12:51:36.435 INFO  [restartedMain] liquibase.command - Command execution complete
2025-11-03 12:51:36.458 INFO  [restartedMain] com.zaxxer.hikari.HikariDataSource - HikariPool-6 - Starting...
2025-11-03 12:51:36.493 INFO  [restartedMain] com.zaxxer.hikari.pool.HikariPool - HikariPool-6 - Added connection org.postgresql.jdbc.PgConnection@5c3ceee7
2025-11-03 12:51:36.493 INFO  [restartedMain] com.zaxxer.hikari.HikariDataSource - HikariPool-6 - Start completed.
2025-11-03 12:51:36.583 INFO  [restartedMain] liquibase.changelog - Reading from public.databasechangelog
2025-11-03 12:51:36.619 INFO  [restartedMain] liquibase.ui - Database is up to date, no changesets to execute
2025-11-03 12:51:36.622 INFO  [restartedMain] liquibase.changelog - Reading from public.databasechangelog
2025-11-03 12:51:36.626 INFO  [restartedMain] liquibase.util - UPDATE SUMMARY
2025-11-03 12:51:36.627 INFO  [restartedMain] liquibase.util - Run:                          0
2025-11-03 12:51:36.627 INFO  [restartedMain] liquibase.util - Previously run:               6
2025-11-03 12:51:36.627 INFO  [restartedMain] liquibase.util - Filtered out:                 0
2025-11-03 12:51:36.627 INFO  [restartedMain] liquibase.util - -------------------------------
2025-11-03 12:51:36.627 INFO  [restartedMain] liquibase.util - Total change sets:            6
2025-11-03 12:51:36.627 INFO  [restartedMain] liquibase.util - Update summary generated
2025-11-03 12:51:36.627 INFO  [restartedMain] liquibase.command - Command execution complete
2025-11-03 12:51:36.647 INFO  [restartedMain] o.h.jpa.internal.util.LogHelper - HHH000204: Processing PersistenceUnitInfo [name: coursePU]
2025-11-03 12:51:36.657 INFO  [restartedMain] o.h.c.i.RegionFactoryInitiator - HHH000026: Second-level cache disabled
2025-11-03 12:51:36.874 INFO  [restartedMain] o.s.o.j.p.SpringPersistenceUnitInfo - No LoadTimeWeaver setup: ignoring JPA class transformer
2025-11-03 12:51:36.883 INFO  [restartedMain] o.hibernate.orm.connections.pooling - HHH10001005: Database info:
	Database JDBC URL [Connecting through datasource 'HikariDataSource (HikariPool-6)']
	Database driver: undefined/unknown
	Database version: 15.14
	Autocommit mode: undefined/unknown
	Isolation level: undefined/unknown
	Minimum pool size: undefined/unknown
	Maximum pool size: undefined/unknown
2025-11-03 12:51:37.072 INFO  [restartedMain] o.h.e.t.j.p.i.JtaPlatformInitiator - HHH000489: No JTA platform available (set 'hibernate.transaction.jta.platform' to enable JTA platform integration)
2025-11-03 12:51:37.072 INFO  [restartedMain] o.s.o.j.LocalContainerEntityManagerFactoryBean - Initialized JPA EntityManagerFactory for persistence unit 'coursePU'
2025-11-03 12:51:37.132 INFO  [restartedMain] o.h.jpa.internal.util.LogHelper - HHH000204: Processing PersistenceUnitInfo [name: storagePU]
2025-11-03 12:51:37.157 INFO  [restartedMain] o.h.c.i.RegionFactoryInitiator - HHH000026: Second-level cache disabled
2025-11-03 12:51:37.390 INFO  [restartedMain] o.s.o.j.p.SpringPersistenceUnitInfo - No LoadTimeWeaver setup: ignoring JPA class transformer
2025-11-03 12:51:37.399 INFO  [restartedMain] o.hibernate.orm.connections.pooling - HHH10001005: Database info:
	Database JDBC URL [Connecting through datasource 'HikariDataSource (HikariPool-5)']
	Database driver: undefined/unknown
	Database version: 15.14
	Autocommit mode: undefined/unknown
	Isolation level: undefined/unknown
	Minimum pool size: undefined/unknown
	Maximum pool size: undefined/unknown
2025-11-03 12:51:37.465 INFO  [restartedMain] o.h.e.t.j.p.i.JtaPlatformInitiator - HHH000489: No JTA platform available (set 'hibernate.transaction.jta.platform' to enable JTA platform integration)
2025-11-03 12:51:37.465 INFO  [restartedMain] o.s.o.j.LocalContainerEntityManagerFactoryBean - Initialized JPA EntityManagerFactory for persistence unit 'storagePU'
2025-11-03 12:51:39.489 WARN  [restartedMain] o.s.b.a.s.s.UserDetailsServiceAutoConfiguration - 

Using generated security password: 226dc623-c812-4ec1-978d-ab52fb9fcc78

This generated password is for development use only. Your security configuration must be updated before running your application in production.

2025-11-03 12:51:39.499 INFO  [restartedMain] o.s.s.c.a.a.c.InitializeUserDetailsBeanManagerConfigurer$InitializeUserDetailsManagerConfigurer - Global AuthenticationManager configured with UserDetailsService bean with name inMemoryUserDetailsManager
2025-11-03 12:51:40.217 INFO  [restartedMain] o.s.b.a.e.web.EndpointLinksResolver - Exposing 3 endpoints beneath base path '/actuator'
2025-11-03 12:51:41.358 INFO  [restartedMain] o.s.b.a.h.H2ConsoleAutoConfiguration - H2 console available at '/h2-console'. Databases available at 'jdbc:postgresql://localhost:5433/course_service', 'jdbc:postgresql://localhost:5434/storage_service'
2025-11-03 12:51:41.502 WARN  [restartedMain] o.s.b.d.a.OptionalLiveReloadServer - Unable to start LiveReload server
2025-11-03 12:51:42.634 INFO  [restartedMain] o.s.cloud.commons.util.InetUtils - Cannot determine local hostname
2025-11-03 12:51:42.771 DEBUG [restartedMain] o.s.a.r.l.a.MessagingMessageListenerAdapter - Inferred argument type for public void com.simplon_project.skillhub.skillhub.course.adapter.messaging.listeners.VideoMetadataExtractListener.handle(com.simplon_project.skillhub.skillhub.course.adapter.messaging.events.VideoMetadataExtractedEvent) is class com.simplon_project.skillhub.skillhub.course.adapter.messaging.events.VideoMetadataExtractedEvent
2025-11-03 12:51:42.771 DEBUG [restartedMain] o.s.a.r.l.SimpleMessageListenerContainer - No global properties bean
2025-11-03 12:51:42.771 DEBUG [restartedMain] o.s.a.r.l.SimpleMessageListenerContainer - No global properties bean
2025-11-03 12:51:42.771 DEBUG [restartedMain] o.s.a.r.l.a.MessagingMessageListenerAdapter - Inferred argument type for public void com.simplon_project.skillhub.skillhub.course.adapter.messaging.listeners.VideoUploadedListener.handle(com.simplon_project.skillhub.skillhub.course.adapter.messaging.events.VideoUploadedEvent) is class com.simplon_project.skillhub.skillhub.course.adapter.messaging.events.VideoUploadedEvent
2025-11-03 12:51:42.771 DEBUG [restartedMain] o.s.a.r.l.SimpleMessageListenerContainer - No global properties bean
2025-11-03 12:51:42.771 DEBUG [restartedMain] o.s.a.r.l.SimpleMessageListenerContainer - No global properties bean
2025-11-03 12:51:42.809 INFO  [restartedMain] o.a.coyote.http11.Http11NioProtocol - Starting ProtocolHandler ["http-nio-10020"]
2025-11-03 12:51:42.820 INFO  [restartedMain] o.s.b.w.e.tomcat.TomcatWebServer - Tomcat started on port 10020 (http) with context path '/'
2025-11-03 12:51:43.842 INFO  [restartedMain] o.s.cloud.commons.util.InetUtils - Cannot determine local hostname
2025-11-03 12:51:43.842 DEBUG [restartedMain] o.s.a.r.l.SimpleMessageListenerContainer - Starting Rabbit listener container.
2025-11-03 12:51:43.842 INFO  [restartedMain] o.s.a.r.c.CachingConnectionFactory - Attempting to connect to: localhost:5672
2025-11-03 12:51:43.845 DEBUG [restartedMain] c.r.client.impl.ConsumerWorkService - Creating executor service with 8 thread(s) for consumer work service
2025-11-03 12:51:43.859 INFO  [restartedMain] o.s.a.r.c.CachingConnectionFactory - Created new connection: courseConnectionFactory#383fc7a1:0/SimpleConnection@3a0cd6dd [delegate=amqp://admin@127.0.0.1:5672/, localPort=49530]
2025-11-03 12:51:43.859 DEBUG [restartedMain] o.s.amqp.rabbit.core.RabbitAdmin - Initializing declarations
2025-11-03 12:51:43.864 DEBUG [restartedMain] o.s.a.r.c.CachingConnectionFactory - Creating cached Rabbit Channel from AMQChannel(amqp://admin@127.0.0.1:5672/,1)
2025-11-03 12:51:43.864 DEBUG [restartedMain] o.s.amqp.rabbit.core.RabbitTemplate - Executing callback RabbitAdmin$$Lambda/0x000002cc48efe320 on RabbitMQ Channel: Cached Rabbit Channel: AMQChannel(amqp://admin@127.0.0.1:5672/,1), conn: Proxy@3070a3ac Shared Rabbit Connection: SimpleConnection@3a0cd6dd [delegate=amqp://admin@127.0.0.1:5672/, localPort=49530]
2025-11-03 12:51:43.864 DEBUG [restartedMain] o.s.amqp.rabbit.core.RabbitAdmin - declaring Exchange 'course.events'
2025-11-03 12:51:43.866 DEBUG [restartedMain] o.s.amqp.rabbit.core.RabbitAdmin - declaring Exchange 'course.events'
2025-11-03 12:51:43.868 DEBUG [restartedMain] o.s.amqp.rabbit.core.RabbitAdmin - declaring Queue 'course.media.uploaded.queue'
2025-11-03 12:51:43.870 DEBUG [restartedMain] o.s.amqp.rabbit.core.RabbitAdmin - declaring Queue 'course.media.metadata.extracted.queue'
2025-11-03 12:51:43.873 DEBUG [restartedMain] o.s.amqp.rabbit.core.RabbitAdmin - declaring Queue 'course.media.uploaded.queue'
2025-11-03 12:51:43.876 DEBUG [restartedMain] o.s.amqp.rabbit.core.RabbitAdmin - declaring Queue 'course.media.metadata.extracted.queue'
2025-11-03 12:51:43.879 DEBUG [restartedMain] o.s.amqp.rabbit.core.RabbitAdmin - Binding destination [course.media.uploaded.queue (QUEUE)] to exchange [course.events] with routing key [course.media.uploaded.v1]
2025-11-03 12:51:43.882 DEBUG [restartedMain] o.s.amqp.rabbit.core.RabbitAdmin - Binding destination [course.media.metadata.extracted.queue (QUEUE)] to exchange [course.events] with routing key [course.media.metadata.extracted.v1]
2025-11-03 12:51:43.891 DEBUG [restartedMain] o.s.amqp.rabbit.core.RabbitAdmin - Binding destination [course.media.uploaded.queue (QUEUE)] to exchange [course.events] with routing key [course.media.uploaded.v1]
2025-11-03 12:51:43.896 DEBUG [restartedMain] o.s.amqp.rabbit.core.RabbitAdmin - Binding destination [course.media.metadata.extracted.queue (QUEUE)] to exchange [course.events] with routing key [course.media.metadata.extracted.v1]
2025-11-03 12:51:43.900 DEBUG [restartedMain] o.s.amqp.rabbit.core.RabbitAdmin - Declarations finished
2025-11-03 12:51:43.905 DEBUG [org.springframework.amqp.rabbit.RabbitListenerEndpointContainer#0-1] o.s.amqp.rabbit.core.RabbitTemplate - Executing callback RabbitAdmin$$Lambda/0x000002cc48f0cb10 on RabbitMQ Channel: Cached Rabbit Channel: AMQChannel(amqp://admin@127.0.0.1:5672/,1), conn: Proxy@3070a3ac Shared Rabbit Connection: SimpleConnection@3a0cd6dd [delegate=amqp://admin@127.0.0.1:5672/, localPort=49530]
2025-11-03 12:51:43.920 DEBUG [org.springframework.amqp.rabbit.RabbitListenerEndpointContainer#0-1] o.s.amqp.rabbit.core.RabbitTemplate - Executing callback RabbitAdmin$$Lambda/0x000002cc48f0cb10 on RabbitMQ Channel: Cached Rabbit Channel: AMQChannel(amqp://admin@127.0.0.1:5672/,1), conn: Proxy@3070a3ac Shared Rabbit Connection: SimpleConnection@3a0cd6dd [delegate=amqp://admin@127.0.0.1:5672/, localPort=49530]
2025-11-03 12:51:43.922 DEBUG [org.springframework.amqp.rabbit.RabbitListenerEndpointContainer#0-1] o.s.a.r.l.BlockingQueueConsumer - Starting consumer Consumer@633a4e7f: tags=[[]], channel=null, acknowledgeMode=AUTO local queue size=0
2025-11-03 12:51:43.930 DEBUG [org.springframework.amqp.rabbit.RabbitListenerEndpointContainer#0-1] o.s.a.r.l.BlockingQueueConsumer - Started on queue 'course.media.metadata.extracted.queue' with tag amq.ctag-3gnA_IQMoi4LjOfaeVrU1A: Consumer@633a4e7f: tags=[[]], channel=Cached Rabbit Channel: AMQChannel(amqp://admin@127.0.0.1:5672/,1), conn: Proxy@3070a3ac Shared Rabbit Connection: SimpleConnection@3a0cd6dd [delegate=amqp://admin@127.0.0.1:5672/, localPort=49530], acknowledgeMode=AUTO local queue size=0
2025-11-03 12:51:43.930 DEBUG [pool-8-thread-3] o.s.a.r.l.BlockingQueueConsumer - ConsumeOK: Consumer@633a4e7f: tags=[[amq.ctag-3gnA_IQMoi4LjOfaeVrU1A]], channel=Cached Rabbit Channel: AMQChannel(amqp://admin@127.0.0.1:5672/,1), conn: Proxy@3070a3ac Shared Rabbit Connection: SimpleConnection@3a0cd6dd [delegate=amqp://admin@127.0.0.1:5672/, localPort=49530], acknowledgeMode=AUTO local queue size=0
2025-11-03 12:51:43.930 DEBUG [restartedMain] o.s.a.r.l.SimpleMessageListenerContainer - Starting Rabbit listener container.
2025-11-03 12:51:43.939 DEBUG [org.springframework.amqp.rabbit.RabbitListenerEndpointContainer#1-1] o.s.a.r.c.CachingConnectionFactory - Creating cached Rabbit Channel from AMQChannel(amqp://admin@127.0.0.1:5672/,2)
2025-11-03 12:51:43.940 DEBUG [org.springframework.amqp.rabbit.RabbitListenerEndpointContainer#1-1] o.s.amqp.rabbit.core.RabbitTemplate - Executing callback RabbitAdmin$$Lambda/0x000002cc48f0cb10 on RabbitMQ Channel: Cached Rabbit Channel: AMQChannel(amqp://admin@127.0.0.1:5672/,2), conn: Proxy@3070a3ac Shared Rabbit Connection: SimpleConnection@3a0cd6dd [delegate=amqp://admin@127.0.0.1:5672/, localPort=49530]
2025-11-03 12:51:43.943 DEBUG [org.springframework.amqp.rabbit.RabbitListenerEndpointContainer#1-1] o.s.amqp.rabbit.core.RabbitTemplate - Executing callback RabbitAdmin$$Lambda/0x000002cc48f0cb10 on RabbitMQ Channel: Cached Rabbit Channel: AMQChannel(amqp://admin@127.0.0.1:5672/,2), conn: Proxy@3070a3ac Shared Rabbit Connection: SimpleConnection@3a0cd6dd [delegate=amqp://admin@127.0.0.1:5672/, localPort=49530]
2025-11-03 12:51:43.946 DEBUG [org.springframework.amqp.rabbit.RabbitListenerEndpointContainer#1-1] o.s.a.r.l.BlockingQueueConsumer - Starting consumer Consumer@a046f6f: tags=[[]], channel=null, acknowledgeMode=AUTO local queue size=0
2025-11-03 12:51:43.955 DEBUG [org.springframework.amqp.rabbit.RabbitListenerEndpointContainer#1-1] o.s.a.r.l.BlockingQueueConsumer - Started on queue 'course.media.uploaded.queue' with tag amq.ctag-xKx1z4qqsesG2ndc3uFCHA: Consumer@a046f6f: tags=[[]], channel=Cached Rabbit Channel: AMQChannel(amqp://admin@127.0.0.1:5672/,2), conn: Proxy@3070a3ac Shared Rabbit Connection: SimpleConnection@3a0cd6dd [delegate=amqp://admin@127.0.0.1:5672/, localPort=49530], acknowledgeMode=AUTO local queue size=0
2025-11-03 12:51:43.956 DEBUG [pool-8-thread-4] o.s.a.r.l.BlockingQueueConsumer - ConsumeOK: Consumer@a046f6f: tags=[[amq.ctag-xKx1z4qqsesG2ndc3uFCHA]], channel=Cached Rabbit Channel: AMQChannel(amqp://admin@127.0.0.1:5672/,2), conn: Proxy@3070a3ac Shared Rabbit Connection: SimpleConnection@3a0cd6dd [delegate=amqp://admin@127.0.0.1:5672/, localPort=49530], acknowledgeMode=AUTO local queue size=0
2025-11-03 12:51:43.980 INFO  [restartedMain] c.s.s.skillhub.SkillhubApplication - Started SkillhubApplication in 11.076 seconds (process running for 499.43)
2025-11-03 12:51:43.988 INFO  [restartedMain] o.s.b.d.a.ConditionEvaluationDeltaLoggingListener - Condition evaluation unchanged
2025-11-03 12:51:43.989 INFO  [restartedMain] c.s.s.skillhub.config.Configuration - 
=====================================================================

    Base Url: http://localhost:10020/

    Swagger Url: http://localhost:10020/swagger-ui/index.html

   Health Url: http://localhost:10020/actuator/health

=====================================================================
2025-11-03 12:51:43.990 INFO  [restartedMain] c.s.s.skillhub.SkillhubApplication - ✅ Application démarrée — test création du fichier de log
2025-11-03 12:51:46.544 INFO  [http-nio-10020-exec-1] o.a.c.c.C.[Tomcat].[localhost].[/] - Initializing Spring DispatcherServlet 'dispatcherServlet'
2025-11-03 12:51:46.544 INFO  [http-nio-10020-exec-1] o.s.web.servlet.DispatcherServlet - Initializing Servlet 'dispatcherServlet'
2025-11-03 12:51:46.550 INFO  [http-nio-10020-exec-1] o.s.web.servlet.DispatcherServlet - Completed initialization in 6 ms
2025-11-03 12:56:35.963 ERROR [http-nio-10020-exec-9] o.z.p.spring.common.AdviceTraits - Internal Server Error
org.springframework.web.servlet.resource.NoResourceFoundException: No static resource course.
	at org.springframework.web.servlet.resource.ResourceHttpRequestHandler.handleRequest(ResourceHttpRequestHandler.java:585)
	at org.springframework.web.servlet.mvc.HttpRequestHandlerAdapter.handle(HttpRequestHandlerAdapter.java:52)
	at org.springframework.web.servlet.DispatcherServlet.doDispatch(DispatcherServlet.java:1088)
	at org.springframework.web.servlet.DispatcherServlet.doService(DispatcherServlet.java:978)
	at org.springframework.web.servlet.FrameworkServlet.processRequest(FrameworkServlet.java:1014)
	at org.springframework.web.servlet.FrameworkServlet.doPost(FrameworkServlet.java:914)
	at jakarta.servlet.http.HttpServlet.service(HttpServlet.java:590)
	at org.springframework.web.servlet.FrameworkServlet.service(FrameworkServlet.java:885)
	at jakarta.servlet.http.HttpServlet.service(HttpServlet.java:658)
	at org.apache.catalina.core.ApplicationFilterChain.internalDoFilter(ApplicationFilterChain.java:195)
	at org.apache.catalina.core.ApplicationFilterChain.doFilter(ApplicationFilterChain.java:140)
	at org.apache.tomcat.websocket.server.WsFilter.doFilter(WsFilter.java:51)
	at org.apache.catalina.core.ApplicationFilterChain.internalDoFilter(ApplicationFilterChain.java:164)
	at org.apache.catalina.core.ApplicationFilterChain.doFilter(ApplicationFilterChain.java:140)
	at org.springframework.web.filter.CompositeFilter$VirtualFilterChain.doFilter(CompositeFilter.java:108)
	at org.springframework.security.web.FilterChainProxy.lambda$doFilterInternal$3(FilterChainProxy.java:231)
	at org.springframework.security.web.ObservationFilterChainDecorator$FilterObservation$SimpleFilterObservation.lambda$wrap$1(ObservationFilterChainDecorator.java:479)
	at org.springframework.security.web.ObservationFilterChainDecorator$AroundFilterObservation$SimpleAroundFilterObservation.lambda$wrap$1(ObservationFilterChainDecorator.java:340)
	at org.springframework.security.web.ObservationFilterChainDecorator.lambda$wrapSecured$0(ObservationFilterChainDecorator.java:82)
	at org.springframework.security.web.ObservationFilterChainDecorator$VirtualFilterChain.doFilter(ObservationFilterChainDecorator.java:128)
	at org.springframework.security.web.access.intercept.AuthorizationFilter.doFilter(AuthorizationFilter.java:101)
	at org.springframework.security.web.ObservationFilterChainDecorator$ObservationFilter.wrapFilter(ObservationFilterChainDecorator.java:240)
	at org.springframework.security.web.ObservationFilterChainDecorator$ObservationFilter.doFilter(ObservationFilterChainDecorator.java:227)
	at org.springframework.security.web.ObservationFilterChainDecorator$VirtualFilterChain.doFilter(ObservationFilterChainDecorator.java:137)
	at org.springframework.security.web.access.ExceptionTranslationFilter.doFilter(ExceptionTranslationFilter.java:126)
	at org.springframework.security.web.access.ExceptionTranslationFilter.doFilter(ExceptionTranslationFilter.java:120)
	at org.springframework.security.web.ObservationFilterChainDecorator$ObservationFilter.wrapFilter(ObservationFilterChainDecorator.java:240)
	at org.springframework.security.web.ObservationFilterChainDecorator$ObservationFilter.doFilter(ObservationFilterChainDecorator.java:227)
	at org.springframework.security.web.ObservationFilterChainDecorator$VirtualFilterChain.doFilter(ObservationFilterChainDecorator.java:137)
	at org.springframework.security.web.authentication.AnonymousAuthenticationFilter.doFilter(AnonymousAuthenticationFilter.java:100)
	at org.springframework.security.web.ObservationFilterChainDecorator$ObservationFilter.wrapFilter(ObservationFilterChainDecorator.java:240)
	at org.springframework.security.web.ObservationFilterChainDecorator$ObservationFilter.doFilter(ObservationFilterChainDecorator.java:227)
	at org.springframework.security.web.ObservationFilterChainDecorator$VirtualFilterChain.doFilter(ObservationFilterChainDecorator.java:137)
	at org.springframework.security.web.servletapi.SecurityContextHolderAwareRequestFilter.doFilter(SecurityContextHolderAwareRequestFilter.java:179)
	at org.springframework.security.web.ObservationFilterChainDecorator$ObservationFilter.wrapFilter(ObservationFilterChainDecorator.java:240)
	at org.springframework.security.web.ObservationFilterChainDecorator$ObservationFilter.doFilter(ObservationFilterChainDecorator.java:227)
	at org.springframework.security.web.ObservationFilterChainDecorator$VirtualFilterChain.doFilter(ObservationFilterChainDecorator.java:137)
	at org.springframework.security.web.savedrequest.RequestCacheAwareFilter.doFilter(RequestCacheAwareFilter.java:63)
	at org.springframework.security.web.ObservationFilterChainDecorator$ObservationFilter.wrapFilter(ObservationFilterChainDecorator.java:240)
	at org.springframework.security.web.ObservationFilterChainDecorator$ObservationFilter.doFilter(ObservationFilterChainDecorator.java:227)
	at org.springframework.security.web.ObservationFilterChainDecorator$VirtualFilterChain.doFilter(ObservationFilterChainDecorator.java:137)
	at org.springframework.security.web.authentication.logout.LogoutFilter.doFilter(LogoutFilter.java:107)
	at org.springframework.security.web.authentication.logout.LogoutFilter.doFilter(LogoutFilter.java:93)
	at org.springframework.security.web.ObservationFilterChainDecorator$ObservationFilter.wrapFilter(ObservationFilterChainDecorator.java:240)
	at org.springframework.security.web.ObservationFilterChainDecorator$ObservationFilter.doFilter(ObservationFilterChainDecorator.java:227)
	at org.springframework.security.web.ObservationFilterChainDecorator$VirtualFilterChain.doFilter(ObservationFilterChainDecorator.java:137)
	at org.springframework.web.filter.CorsFilter.doFilterInternal(CorsFilter.java:91)
	at org.springframework.web.filter.OncePerRequestFilter.doFilter(OncePerRequestFilter.java:116)
	at org.springframework.security.web.ObservationFilterChainDecorator$ObservationFilter.wrapFilter(ObservationFilterChainDecorator.java:240)
	at org.springframework.security.web.ObservationFilterChainDecorator$ObservationFilter.doFilter(ObservationFilterChainDecorator.java:227)
	at org.springframework.security.web.ObservationFilterChainDecorator$VirtualFilterChain.doFilter(ObservationFilterChainDecorator.java:137)
	at org.springframework.security.web.header.HeaderWriterFilter.doHeadersAfter(HeaderWriterFilter.java:90)
	at org.springframework.security.web.header.HeaderWriterFilter.doFilterInternal(HeaderWriterFilter.java:75)
	at org.springframework.web.filter.OncePerRequestFilter.doFilter(OncePerRequestFilter.java:116)
	at org.springframework.security.web.ObservationFilterChainDecorator$ObservationFilter.wrapFilter(ObservationFilterChainDecorator.java:240)
	at org.springframework.security.web.ObservationFilterChainDecorator$ObservationFilter.doFilter(ObservationFilterChainDecorator.java:227)
	at org.springframework.security.web.ObservationFilterChainDecorator$VirtualFilterChain.doFilter(ObservationFilterChainDecorator.java:137)
	at org.springframework.security.web.context.SecurityContextHolderFilter.doFilter(SecurityContextHolderFilter.java:82)
	at org.springframework.security.web.context.SecurityContextHolderFilter.doFilter(SecurityContextHolderFilter.java:69)
	at org.springframework.security.web.ObservationFilterChainDecorator$ObservationFilter.wrapFilter(ObservationFilterChainDecorator.java:240)
	at org.springframework.security.web.ObservationFilterChainDecorator$ObservationFilter.doFilter(ObservationFilterChainDecorator.java:227)
	at org.springframework.security.web.ObservationFilterChainDecorator$VirtualFilterChain.doFilter(ObservationFilterChainDecorator.java:137)
	at org.springframework.security.web.context.request.async.WebAsyncManagerIntegrationFilter.doFilterInternal(WebAsyncManagerIntegrationFilter.java:62)
	at org.springframework.web.filter.OncePerRequestFilter.doFilter(OncePerRequestFilter.java:116)
	at org.springframework.security.web.ObservationFilterChainDecorator$ObservationFilter.wrapFilter(ObservationFilterChainDecorator.java:240)
	at org.springframework.security.web.ObservationFilterChainDecorator$ObservationFilter.doFilter(ObservationFilterChainDecorator.java:227)
	at org.springframework.security.web.ObservationFilterChainDecorator$VirtualFilterChain.doFilter(ObservationFilterChainDecorator.java:137)
	at org.springframework.security.web.session.DisableEncodeUrlFilter.doFilterInternal(DisableEncodeUrlFilter.java:42)
	at org.springframework.web.filter.OncePerRequestFilter.doFilter(OncePerRequestFilter.java:116)
	at org.springframework.security.web.ObservationFilterChainDecorator$ObservationFilter.wrapFilter(ObservationFilterChainDecorator.java:240)
	at org.springframework.security.web.ObservationFilterChainDecorator$AroundFilterObservation$SimpleAroundFilterObservation.lambda$wrap$0(ObservationFilterChainDecorator.java:323)
	at org.springframework.security.web.ObservationFilterChainDecorator$ObservationFilter.doFilter(ObservationFilterChainDecorator.java:224)
	at org.springframework.security.web.ObservationFilterChainDecorator$VirtualFilterChain.doFilter(ObservationFilterChainDecorator.java:137)
	at org.springframework.security.web.FilterChainProxy.doFilterInternal(FilterChainProxy.java:233)
	at org.springframework.security.web.FilterChainProxy.doFilter(FilterChainProxy.java:191)
	at org.springframework.web.filter.CompositeFilter$VirtualFilterChain.doFilter(CompositeFilter.java:113)
	at org.springframework.web.servlet.handler.HandlerMappingIntrospector.lambda$createCacheFilter$3(HandlerMappingIntrospector.java:243)
	at org.springframework.web.filter.CompositeFilter$VirtualFilterChain.doFilter(CompositeFilter.java:113)
	at org.springframework.web.filter.CompositeFilter.doFilter(CompositeFilter.java:74)
	at org.springframework.security.config.annotation.web.configuration.WebMvcSecurityConfiguration$CompositeFilterChainProxy.doFilter(WebMvcSecurityConfiguration.java:238)
	at org.springframework.web.filter.DelegatingFilterProxy.invokeDelegate(DelegatingFilterProxy.java:362)
	at org.springframework.web.filter.DelegatingFilterProxy.doFilter(DelegatingFilterProxy.java:278)
	at org.apache.catalina.core.ApplicationFilterChain.internalDoFilter(ApplicationFilterChain.java:164)
	at org.apache.catalina.core.ApplicationFilterChain.doFilter(ApplicationFilterChain.java:140)
	at org.springframework.web.filter.RequestContextFilter.doFilterInternal(RequestContextFilter.java:100)
	at org.springframework.web.filter.OncePerRequestFilter.doFilter(OncePerRequestFilter.java:116)
	at org.apache.catalina.core.ApplicationFilterChain.internalDoFilter(ApplicationFilterChain.java:164)
	at org.apache.catalina.core.ApplicationFilterChain.doFilter(ApplicationFilterChain.java:140)
	at org.springframework.web.filter.FormContentFilter.doFilterInternal(FormContentFilter.java:93)
	at org.springframework.web.filter.OncePerRequestFilter.doFilter(OncePerRequestFilter.java:116)
	at org.apache.catalina.core.ApplicationFilterChain.internalDoFilter(ApplicationFilterChain.java:164)
	at org.apache.catalina.core.ApplicationFilterChain.doFilter(ApplicationFilterChain.java:140)
	at org.springframework.web.filter.ServerHttpObservationFilter.doFilterInternal(ServerHttpObservationFilter.java:114)
	at org.springframework.web.filter.OncePerRequestFilter.doFilter(OncePerRequestFilter.java:116)
	at org.apache.catalina.core.ApplicationFilterChain.internalDoFilter(ApplicationFilterChain.java:164)
	at org.apache.catalina.core.ApplicationFilterChain.doFilter(ApplicationFilterChain.java:140)
	at org.springframework.web.filter.CharacterEncodingFilter.doFilterInternal(CharacterEncodingFilter.java:201)
	at org.springframework.web.filter.OncePerRequestFilter.doFilter(OncePerRequestFilter.java:116)
	at org.apache.catalina.core.ApplicationFilterChain.internalDoFilter(ApplicationFilterChain.java:164)
	at org.apache.catalina.core.ApplicationFilterChain.doFilter(ApplicationFilterChain.java:140)
	at org.apache.catalina.core.StandardWrapperValve.invoke(StandardWrapperValve.java:167)
	at org.apache.catalina.core.StandardContextValve.invoke(StandardContextValve.java:90)
	at org.apache.catalina.authenticator.AuthenticatorBase.invoke(AuthenticatorBase.java:483)
	at org.apache.catalina.core.StandardHostValve.invoke(StandardHostValve.java:115)
	at org.apache.catalina.valves.ErrorReportValve.invoke(ErrorReportValve.java:93)
	at org.apache.catalina.core.StandardEngineValve.invoke(StandardEngineValve.java:74)
	at org.apache.catalina.connector.CoyoteAdapter.service(CoyoteAdapter.java:344)
	at org.apache.coyote.http11.Http11Processor.service(Http11Processor.java:397)
	at org.apache.coyote.AbstractProcessorLight.process(AbstractProcessorLight.java:63)
	at org.apache.coyote.AbstractProtocol$ConnectionHandler.process(AbstractProtocol.java:905)
	at org.apache.tomcat.util.net.NioEndpoint$SocketProcessor.doRun(NioEndpoint.java:1741)
	at org.apache.tomcat.util.net.SocketProcessorBase.run(SocketProcessorBase.java:52)
	at org.apache.tomcat.util.threads.ThreadPoolExecutor.runWorker(ThreadPoolExecutor.java:1190)
	at org.apache.tomcat.util.threads.ThreadPoolExecutor$Worker.run(ThreadPoolExecutor.java:659)
	at org.apache.tomcat.util.threads.TaskThread$WrappingRunnable.run(TaskThread.java:63)
	at java.base/java.lang.Thread.run(Thread.java:1583)
2025-11-03 12:56:36.045 WARN  [http-nio-10020-exec-9] o.s.w.s.m.m.a.ExceptionHandlerExceptionResolver - Resolved [org.springframework.web.servlet.resource.NoResourceFoundException: No static resource course.]
2025-11-03 12:57:22.147 DEBUG [SpringApplicationShutdownHook] o.s.a.r.l.SimpleMessageListenerContainer - Shutting down Rabbit listener container
2025-11-03 12:57:22.185 DEBUG [SpringApplicationShutdownHook] o.s.a.r.l.SimpleMessageListenerContainer - Shutting down Rabbit listener container
2025-11-03 12:57:22.205 DEBUG [pool-8-thread-6] o.s.a.r.l.BlockingQueueConsumer - Received cancelOk for tag amq.ctag-3gnA_IQMoi4LjOfaeVrU1A (course.media.metadata.extracted.queue); Consumer@633a4e7f: tags=[[amq.ctag-3gnA_IQMoi4LjOfaeVrU1A]], channel=Cached Rabbit Channel: AMQChannel(amqp://admin@127.0.0.1:5672/,1), conn: Proxy@3070a3ac Shared Rabbit Connection: SimpleConnection@3a0cd6dd [delegate=amqp://admin@127.0.0.1:5672/, localPort=49530], acknowledgeMode=AUTO local queue size=0
2025-11-03 12:57:22.206 INFO  [org.springframework.amqp.rabbit.RabbitListenerEndpointContainer#1-2] o.s.a.r.l.SimpleMessageListenerContainer - Waiting for workers to finish.
2025-11-03 12:57:22.233 DEBUG [pool-8-thread-5] o.s.a.r.l.BlockingQueueConsumer - Received cancelOk for tag amq.ctag-xKx1z4qqsesG2ndc3uFCHA (course.media.uploaded.queue); Consumer@a046f6f: tags=[[amq.ctag-xKx1z4qqsesG2ndc3uFCHA]], channel=Cached Rabbit Channel: AMQChannel(amqp://admin@127.0.0.1:5672/,2), conn: Proxy@3070a3ac Shared Rabbit Connection: SimpleConnection@3a0cd6dd [delegate=amqp://admin@127.0.0.1:5672/, localPort=49530], acknowledgeMode=AUTO local queue size=0
2025-11-03 12:57:22.238 INFO  [org.springframework.amqp.rabbit.RabbitListenerEndpointContainer#0-2] o.s.a.r.l.SimpleMessageListenerContainer - Waiting for workers to finish.
2025-11-03 12:57:22.378 INFO  [org.springframework.amqp.rabbit.RabbitListenerEndpointContainer#0-2] o.s.a.r.l.SimpleMessageListenerContainer - Successfully waited for workers to finish.
2025-11-03 12:57:22.379 DEBUG [org.springframework.amqp.rabbit.RabbitListenerEndpointContainer#0-1] o.s.a.r.l.SimpleMessageListenerContainer - Cancelling Consumer@633a4e7f: tags=[[amq.ctag-3gnA_IQMoi4LjOfaeVrU1A]], channel=Cached Rabbit Channel: AMQChannel(amqp://admin@127.0.0.1:5672/,1), conn: Proxy@3070a3ac Shared Rabbit Connection: SimpleConnection@3a0cd6dd [delegate=amqp://admin@127.0.0.1:5672/, localPort=49530], acknowledgeMode=AUTO local queue size=0
2025-11-03 12:57:22.379 DEBUG [org.springframework.amqp.rabbit.RabbitListenerEndpointContainer#0-1] o.s.a.r.l.BlockingQueueConsumer - Closing Rabbit Channel: Cached Rabbit Channel: AMQChannel(amqp://admin@127.0.0.1:5672/,1), conn: Proxy@3070a3ac Shared Rabbit Connection: SimpleConnection@3a0cd6dd [delegate=amqp://admin@127.0.0.1:5672/, localPort=49530]
2025-11-03 12:57:22.379 DEBUG [org.springframework.amqp.rabbit.RabbitListenerEndpointContainer#0-1] o.s.a.r.c.CachingConnectionFactory - Closing cached Channel: AMQChannel(amqp://admin@127.0.0.1:5672/,1)
2025-11-03 12:57:22.581 INFO  [org.springframework.amqp.rabbit.RabbitListenerEndpointContainer#1-2] o.s.a.r.l.SimpleMessageListenerContainer - Successfully waited for workers to finish.
2025-11-03 12:57:22.581 INFO  [SpringApplicationShutdownHook] o.s.b.w.e.tomcat.GracefulShutdown - Commencing graceful shutdown. Waiting for active requests to complete
2025-11-03 12:57:22.581 DEBUG [org.springframework.amqp.rabbit.RabbitListenerEndpointContainer#1-1] o.s.a.r.l.SimpleMessageListenerContainer - Cancelling Consumer@a046f6f: tags=[[amq.ctag-xKx1z4qqsesG2ndc3uFCHA]], channel=Cached Rabbit Channel: AMQChannel(amqp://admin@127.0.0.1:5672/,2), conn: Proxy@3070a3ac Shared Rabbit Connection: SimpleConnection@3a0cd6dd [delegate=amqp://admin@127.0.0.1:5672/, localPort=49530], acknowledgeMode=AUTO local queue size=0
2025-11-03 12:57:22.581 DEBUG [org.springframework.amqp.rabbit.RabbitListenerEndpointContainer#1-1] o.s.a.r.l.BlockingQueueConsumer - Closing Rabbit Channel: Cached Rabbit Channel: AMQChannel(amqp://admin@127.0.0.1:5672/,2), conn: Proxy@3070a3ac Shared Rabbit Connection: SimpleConnection@3a0cd6dd [delegate=amqp://admin@127.0.0.1:5672/, localPort=49530]
2025-11-03 12:57:22.581 DEBUG [org.springframework.amqp.rabbit.RabbitListenerEndpointContainer#1-1] o.s.a.r.c.CachingConnectionFactory - Closing cached Channel: AMQChannel(amqp://admin@127.0.0.1:5672/,2)
2025-11-03 12:57:22.609 INFO  [tomcat-shutdown] o.s.b.w.e.tomcat.GracefulShutdown - Graceful shutdown complete
2025-11-03 12:57:22.630 DEBUG [SpringApplicationShutdownHook] o.s.a.r.l.SimpleMessageListenerContainer - Shutdown ignored - container is not active already
2025-11-03 12:57:22.631 DEBUG [SpringApplicationShutdownHook] o.s.a.r.l.SimpleMessageListenerContainer - Shutdown ignored - container is not active already
2025-11-03 12:57:22.639 INFO  [SpringApplicationShutdownHook] o.s.o.j.LocalContainerEntityManagerFactoryBean - Closing JPA EntityManagerFactory for persistence unit 'storagePU'
2025-11-03 12:57:22.640 INFO  [SpringApplicationShutdownHook] o.s.o.j.LocalContainerEntityManagerFactoryBean - Closing JPA EntityManagerFactory for persistence unit 'coursePU'
2025-11-03 12:57:22.642 INFO  [SpringApplicationShutdownHook] com.zaxxer.hikari.HikariDataSource - HikariPool-6 - Shutdown initiated...
2025-11-03 12:57:22.658 INFO  [SpringApplicationShutdownHook] com.zaxxer.hikari.HikariDataSource - HikariPool-6 - Shutdown completed.
2025-11-03 12:57:22.660 INFO  [SpringApplicationShutdownHook] com.zaxxer.hikari.HikariDataSource - HikariPool-5 - Shutdown initiated...
2025-11-03 12:57:22.677 INFO  [SpringApplicationShutdownHook] com.zaxxer.hikari.HikariDataSource - HikariPool-5 - Shutdown completed.
2025-11-03 12:57:42.422 INFO  [background-preinit] o.h.validator.internal.util.Version - HV000001: Hibernate Validator 8.0.2.Final
2025-11-03 12:57:42.553 INFO  [restartedMain] c.s.s.skillhub.SkillhubApplication - Starting SkillhubApplication using Java 21.0.4 with PID 26472 (C:\Users\Utilisateur\Documents\PROJET\e-learning-monolith-back\target\classes started by Utilisateur in C:\Users\Utilisateur\Documents\PROJET\e-learning-monolith-back)
2025-11-03 12:57:42.554 DEBUG [restartedMain] c.s.s.skillhub.SkillhubApplication - Running with Spring Boot v3.4.2, Spring v6.2.2
2025-11-03 12:57:42.556 INFO  [restartedMain] c.s.s.skillhub.SkillhubApplication - The following 1 profile is active: "usage_message"
2025-11-03 12:57:42.691 INFO  [restartedMain] o.s.b.d.e.DevToolsPropertyDefaultsPostProcessor - Devtools property defaults active! Set 'spring.devtools.add-properties' to 'false' to disable
2025-11-03 12:57:42.692 INFO  [restartedMain] o.s.b.d.e.DevToolsPropertyDefaultsPostProcessor - For additional web related logging consider setting the 'logging.level.web' property to 'DEBUG'
2025-11-03 12:57:46.965 INFO  [restartedMain] o.s.d.r.c.RepositoryConfigurationDelegate - Bootstrapping Spring Data JPA repositories in DEFAULT mode.
2025-11-03 12:57:47.093 INFO  [restartedMain] o.s.d.r.c.RepositoryConfigurationDelegate - Finished Spring Data repository scanning in 106 ms. Found 3 JPA repository interfaces.
2025-11-03 12:57:47.107 INFO  [restartedMain] o.s.d.r.c.RepositoryConfigurationDelegate - Bootstrapping Spring Data JPA repositories in DEFAULT mode.
2025-11-03 12:57:47.125 INFO  [restartedMain] o.s.d.r.c.RepositoryConfigurationDelegate - Finished Spring Data repository scanning in 15 ms. Found 1 JPA repository interface.
2025-11-03 12:57:48.713 INFO  [restartedMain] o.s.cloud.context.scope.GenericScope - BeanFactory id=b52957b8-36cc-3832-80da-e99eb6ae0eb2
2025-11-03 12:57:50.737 INFO  [restartedMain] o.s.b.w.e.tomcat.TomcatWebServer - Tomcat initialized with port 10020 (http)
2025-11-03 12:57:50.756 INFO  [restartedMain] o.a.coyote.http11.Http11NioProtocol - Initializing ProtocolHandler ["http-nio-10020"]
2025-11-03 12:57:50.758 INFO  [restartedMain] o.a.catalina.core.StandardService - Starting service [Tomcat]
2025-11-03 12:57:50.759 INFO  [restartedMain] o.a.catalina.core.StandardEngine - Starting Servlet engine: [Apache Tomcat/10.1.34]
2025-11-03 12:57:50.913 INFO  [restartedMain] o.a.c.c.C.[Tomcat].[localhost].[/] - Initializing Spring embedded WebApplicationContext
2025-11-03 12:57:50.914 INFO  [restartedMain] o.s.b.w.s.c.ServletWebServerApplicationContext - Root WebApplicationContext: initialization completed in 8220 ms
2025-11-03 12:57:51.491 INFO  [restartedMain] com.zaxxer.hikari.HikariDataSource - HikariPool-1 - Starting...
2025-11-03 12:57:51.722 INFO  [restartedMain] com.zaxxer.hikari.pool.HikariPool - HikariPool-1 - Added connection org.postgresql.jdbc.PgConnection@62b88e03
2025-11-03 12:57:51.726 INFO  [restartedMain] com.zaxxer.hikari.HikariDataSource - HikariPool-1 - Start completed.
2025-11-03 12:57:52.162 INFO  [restartedMain] liquibase.database - Set default schema name to public
2025-11-03 12:57:53.051 INFO  [restartedMain] liquibase.changelog - Reading from public.databasechangelog
2025-11-03 12:57:53.208 INFO  [restartedMain] liquibase.ui - Database is up to date, no changesets to execute
2025-11-03 12:57:53.213 INFO  [restartedMain] liquibase.changelog - Reading from public.databasechangelog
2025-11-03 12:57:53.231 INFO  [restartedMain] liquibase.util - UPDATE SUMMARY
2025-11-03 12:57:53.231 INFO  [restartedMain] liquibase.util - Run:                          0
2025-11-03 12:57:53.231 INFO  [restartedMain] liquibase.util - Previously run:               5
2025-11-03 12:57:53.231 INFO  [restartedMain] liquibase.util - Filtered out:                 0
2025-11-03 12:57:53.231 INFO  [restartedMain] liquibase.util - -------------------------------
2025-11-03 12:57:53.232 INFO  [restartedMain] liquibase.util - Total change sets:            5
2025-11-03 12:57:53.234 INFO  [restartedMain] liquibase.util - Update summary generated
2025-11-03 12:57:53.235 INFO  [restartedMain] liquibase.command - Command execution complete
2025-11-03 12:57:53.287 INFO  [restartedMain] com.zaxxer.hikari.HikariDataSource - HikariPool-2 - Starting...
2025-11-03 12:57:53.344 INFO  [restartedMain] com.zaxxer.hikari.pool.HikariPool - HikariPool-2 - Added connection org.postgresql.jdbc.PgConnection@77ad4dac
2025-11-03 12:57:53.345 INFO  [restartedMain] com.zaxxer.hikari.HikariDataSource - HikariPool-2 - Start completed.
2025-11-03 12:57:53.461 INFO  [restartedMain] liquibase.changelog - Reading from public.databasechangelog
2025-11-03 12:57:53.556 INFO  [restartedMain] liquibase.ui - Database is up to date, no changesets to execute
2025-11-03 12:57:53.560 INFO  [restartedMain] liquibase.changelog - Reading from public.databasechangelog
2025-11-03 12:57:53.567 INFO  [restartedMain] liquibase.util - UPDATE SUMMARY
2025-11-03 12:57:53.567 INFO  [restartedMain] liquibase.util - Run:                          0
2025-11-03 12:57:53.568 INFO  [restartedMain] liquibase.util - Previously run:               6
2025-11-03 12:57:53.568 INFO  [restartedMain] liquibase.util - Filtered out:                 0
2025-11-03 12:57:53.568 INFO  [restartedMain] liquibase.util - -------------------------------
2025-11-03 12:57:53.568 INFO  [restartedMain] liquibase.util - Total change sets:            6
2025-11-03 12:57:53.568 INFO  [restartedMain] liquibase.util - Update summary generated
2025-11-03 12:57:53.569 INFO  [restartedMain] liquibase.command - Command execution complete
2025-11-03 12:57:53.652 INFO  [restartedMain] o.h.jpa.internal.util.LogHelper - HHH000204: Processing PersistenceUnitInfo [name: coursePU]
2025-11-03 12:57:53.771 INFO  [restartedMain] org.hibernate.Version - HHH000412: Hibernate ORM core version 6.6.5.Final
2025-11-03 12:57:53.880 INFO  [restartedMain] o.h.c.i.RegionFactoryInitiator - HHH000026: Second-level cache disabled
2025-11-03 12:57:54.629 INFO  [restartedMain] o.s.o.j.p.SpringPersistenceUnitInfo - No LoadTimeWeaver setup: ignoring JPA class transformer
2025-11-03 12:57:54.758 INFO  [restartedMain] o.hibernate.orm.connections.pooling - HHH10001005: Database info:
	Database JDBC URL [Connecting through datasource 'HikariDataSource (HikariPool-2)']
	Database driver: undefined/unknown
	Database version: 15.14
	Autocommit mode: undefined/unknown
	Isolation level: undefined/unknown
	Minimum pool size: undefined/unknown
	Maximum pool size: undefined/unknown
2025-11-03 12:57:56.561 INFO  [restartedMain] o.h.e.t.j.p.i.JtaPlatformInitiator - HHH000489: No JTA platform available (set 'hibernate.transaction.jta.platform' to enable JTA platform integration)
2025-11-03 12:57:56.566 INFO  [restartedMain] o.s.o.j.LocalContainerEntityManagerFactoryBean - Initialized JPA EntityManagerFactory for persistence unit 'coursePU'
2025-11-03 12:57:56.609 INFO  [restartedMain] o.h.jpa.internal.util.LogHelper - HHH000204: Processing PersistenceUnitInfo [name: storagePU]
2025-11-03 12:57:56.618 INFO  [restartedMain] o.h.c.i.RegionFactoryInitiator - HHH000026: Second-level cache disabled
2025-11-03 12:57:56.839 INFO  [restartedMain] o.s.o.j.p.SpringPersistenceUnitInfo - No LoadTimeWeaver setup: ignoring JPA class transformer
2025-11-03 12:57:56.849 INFO  [restartedMain] o.hibernate.orm.connections.pooling - HHH10001005: Database info:
	Database JDBC URL [Connecting through datasource 'HikariDataSource (HikariPool-1)']
	Database driver: undefined/unknown
	Database version: 15.14
	Autocommit mode: undefined/unknown
	Isolation level: undefined/unknown
	Minimum pool size: undefined/unknown
	Maximum pool size: undefined/unknown
2025-11-03 12:57:56.950 INFO  [restartedMain] o.h.e.t.j.p.i.JtaPlatformInitiator - HHH000489: No JTA platform available (set 'hibernate.transaction.jta.platform' to enable JTA platform integration)
2025-11-03 12:57:56.950 INFO  [restartedMain] o.s.o.j.LocalContainerEntityManagerFactoryBean - Initialized JPA EntityManagerFactory for persistence unit 'storagePU'
2025-11-03 12:57:57.950 INFO  [restartedMain] o.s.d.j.r.query.QueryEnhancerFactory - Hibernate is in classpath; If applicable, HQL parser will be used.
2025-11-03 12:57:59.593 WARN  [restartedMain] com.amazonaws.util.VersionInfoUtils - The AWS SDK for Java 1.x entered maintenance mode starting July 31, 2024 and will reach end of support on December 31, 2025. For more information, see https://aws.amazon.com/blogs/developer/the-aws-sdk-for-java-1-x-is-in-maintenance-mode-effective-july-31-2024/
You can print where on the file system the AWS SDK for Java 1.x core runtime is located by setting the AWS_JAVA_V1_PRINT_LOCATION environment variable or aws.java.v1.printLocation system property to 'true'.
This message can be disabled by setting the AWS_JAVA_V1_DISABLE_DEPRECATION_ANNOUNCEMENT environment variable or aws.java.v1.disableDeprecationAnnouncement system property to 'true'.
The AWS SDK for Java 1.x is being used here:
at java.base/java.lang.Thread.getStackTrace(Thread.java:2450)
at com.amazonaws.util.VersionInfoUtils.printDeprecationAnnouncement(VersionInfoUtils.java:81)
at com.amazonaws.util.VersionInfoUtils.<clinit>(VersionInfoUtils.java:59)
at com.amazonaws.internal.EC2ResourceFetcher.<clinit>(EC2ResourceFetcher.java:44)
at com.amazonaws.auth.InstanceMetadataServiceCredentialsFetcher.<init>(InstanceMetadataServiceCredentialsFetcher.java:38)
at com.amazonaws.auth.InstanceProfileCredentialsProvider.<init>(InstanceProfileCredentialsProvider.java:111)
at com.amazonaws.auth.InstanceProfileCredentialsProvider.<init>(InstanceProfileCredentialsProvider.java:91)
at com.amazonaws.auth.InstanceProfileCredentialsProvider.<init>(InstanceProfileCredentialsProvider.java:75)
at com.amazonaws.auth.InstanceProfileCredentialsProvider.<clinit>(InstanceProfileCredentialsProvider.java:58)
at com.amazonaws.auth.EC2ContainerCredentialsProviderWrapper.initializeProvider(EC2ContainerCredentialsProviderWrapper.java:66)
at com.amazonaws.auth.EC2ContainerCredentialsProviderWrapper.<init>(EC2ContainerCredentialsProviderWrapper.java:55)
at com.amazonaws.auth.DefaultAWSCredentialsProviderChain.<init>(DefaultAWSCredentialsProviderChain.java:60)
at com.amazonaws.auth.DefaultAWSCredentialsProviderChain.<clinit>(DefaultAWSCredentialsProviderChain.java:54)
at com.amazonaws.services.s3.AmazonS3ClientBuilder.standard(AmazonS3ClientBuilder.java:46)
at com.simplon_project.skillhub.skillhub.storage.config.s3.AmazonS3Config.amazonS3(AmazonS3Config.java:49)
at com.simplon_project.skillhub.skillhub.storage.config.s3.AmazonS3Config$$SpringCGLIB$$0.CGLIB$amazonS3$0(<generated>)
at com.simplon_project.skillhub.skillhub.storage.config.s3.AmazonS3Config$$SpringCGLIB$$FastClass$$1.invoke(<generated>)
at org.springframework.cglib.proxy.MethodProxy.invokeSuper(MethodProxy.java:258)
at org.springframework.context.annotation.ConfigurationClassEnhancer$BeanMethodInterceptor.intercept(ConfigurationClassEnhancer.java:348)
at com.simplon_project.skillhub.skillhub.storage.config.s3.AmazonS3Config$$SpringCGLIB$$0.amazonS3(<generated>)
at java.base/jdk.internal.reflect.DirectMethodHandleAccessor.invoke(DirectMethodHandleAccessor.java:103)
at java.base/java.lang.reflect.Method.invoke(Method.java:580)
at org.springframework.beans.factory.support.SimpleInstantiationStrategy.lambda$instantiate$0(SimpleInstantiationStrategy.java:171)
at org.springframework.beans.factory.support.SimpleInstantiationStrategy.instantiateWithFactoryMethod(SimpleInstantiationStrategy.java:88)
at org.springframework.beans.factory.support.SimpleInstantiationStrategy.instantiate(SimpleInstantiationStrategy.java:168)
at org.springframework.beans.factory.support.ConstructorResolver.instantiate(ConstructorResolver.java:653)
at org.springframework.beans.factory.support.ConstructorResolver.instantiateUsingFactoryMethod(ConstructorResolver.java:489)
at org.springframework.beans.factory.support.AbstractAutowireCapableBeanFactory.instantiateUsingFactoryMethod(AbstractAutowireCapableBeanFactory.java:1361)
at org.springframework.beans.factory.support.AbstractAutowireCapableBeanFactory.createBeanInstance(AbstractAutowireCapableBeanFactory.java:1191)
at org.springframework.beans.factory.support.AbstractAutowireCapableBeanFactory.doCreateBean(AbstractAutowireCapableBeanFactory.java:563)
at org.springframework.beans.factory.support.AbstractAutowireCapableBeanFactory.createBean(AbstractAutowireCapableBeanFactory.java:523)
at org.springframework.beans.factory.support.AbstractBeanFactory.lambda$doGetBean$0(AbstractBeanFactory.java:336)
at org.springframework.beans.factory.support.DefaultSingletonBeanRegistry.getSingleton(DefaultSingletonBeanRegistry.java:307)
at org.springframework.beans.factory.support.AbstractBeanFactory.doGetBean(AbstractBeanFactory.java:334)
at org.springframework.beans.factory.support.AbstractBeanFactory.getBean(AbstractBeanFactory.java:199)
at org.springframework.beans.factory.config.DependencyDescriptor.resolveCandidate(DependencyDescriptor.java:254)
at org.springframework.beans.factory.support.DefaultListableBeanFactory.doResolveDependency(DefaultListableBeanFactory.java:1631)
at org.springframework.beans.factory.support.DefaultListableBeanFactory.resolveDependency(DefaultListableBeanFactory.java:1519)
at org.springframework.beans.factory.support.ConstructorResolver.resolveAutowiredArgument(ConstructorResolver.java:913)
at org.springframework.beans.factory.support.ConstructorResolver.createArgumentArray(ConstructorResolver.java:791)
at org.springframework.beans.factory.support.ConstructorResolver.autowireConstructor(ConstructorResolver.java:240)
at org.springframework.beans.factory.support.AbstractAutowireCapableBeanFactory.autowireConstructor(AbstractAutowireCapableBeanFactory.java:1381)
at org.springframework.beans.factory.support.AbstractAutowireCapableBeanFactory.createBeanInstance(AbstractAutowireCapableBeanFactory.java:1218)
at org.springframework.beans.factory.support.AbstractAutowireCapableBeanFactory.doCreateBean(AbstractAutowireCapableBeanFactory.java:563)
at org.springframework.beans.factory.support.AbstractAutowireCapableBeanFactory.createBean(AbstractAutowireCapableBeanFactory.java:523)
at org.springframework.beans.factory.support.AbstractBeanFactory.lambda$doGetBean$0(AbstractBeanFactory.java:336)
at org.springframework.beans.factory.support.DefaultSingletonBeanRegistry.getSingleton(DefaultSingletonBeanRegistry.java:307)
at org.springframework.beans.factory.support.AbstractBeanFactory.doGetBean(AbstractBeanFactory.java:334)
at org.springframework.beans.factory.support.AbstractBeanFactory.getBean(AbstractBeanFactory.java:199)
at org.springframework.beans.factory.config.DependencyDescriptor.resolveCandidate(DependencyDescriptor.java:254)
at org.springframework.beans.factory.support.DefaultListableBeanFactory.doResolveDependency(DefaultListableBeanFactory.java:1631)
at org.springframework.beans.factory.support.DefaultListableBeanFactory.resolveDependency(DefaultListableBeanFactory.java:1519)
at org.springframework.beans.factory.support.ConstructorResolver.resolveAutowiredArgument(ConstructorResolver.java:913)
at org.springframework.beans.factory.support.ConstructorResolver.createArgumentArray(ConstructorResolver.java:791)
at org.springframework.beans.factory.support.ConstructorResolver.autowireConstructor(ConstructorResolver.java:240)
at org.springframework.beans.factory.support.AbstractAutowireCapableBeanFactory.autowireConstructor(AbstractAutowireCapableBeanFactory.java:1381)
at org.springframework.beans.factory.support.AbstractAutowireCapableBeanFactory.createBeanInstance(AbstractAutowireCapableBeanFactory.java:1218)
at org.springframework.beans.factory.support.AbstractAutowireCapableBeanFactory.doCreateBean(AbstractAutowireCapableBeanFactory.java:563)
at org.springframework.beans.factory.support.AbstractAutowireCapableBeanFactory.createBean(AbstractAutowireCapableBeanFactory.java:523)
at org.springframework.beans.factory.support.AbstractBeanFactory.lambda$doGetBean$0(AbstractBeanFactory.java:336)
at org.springframework.beans.factory.support.DefaultSingletonBeanRegistry.getSingleton(DefaultSingletonBeanRegistry.java:307)
at org.springframework.beans.factory.support.AbstractBeanFactory.doGetBean(AbstractBeanFactory.java:334)
at org.springframework.beans.factory.support.AbstractBeanFactory.getBean(AbstractBeanFactory.java:199)
at org.springframework.beans.factory.config.DependencyDescriptor.resolveCandidate(DependencyDescriptor.java:254)
at org.springframework.beans.factory.support.DefaultListableBeanFactory.doResolveDependency(DefaultListableBeanFactory.java:1631)
at org.springframework.beans.factory.support.DefaultListableBeanFactory.resolveDependency(DefaultListableBeanFactory.java:1519)
at org.springframework.beans.factory.support.ConstructorResolver.resolveAutowiredArgument(ConstructorResolver.java:913)
at org.springframework.beans.factory.support.ConstructorResolver.createArgumentArray(ConstructorResolver.java:791)
at org.springframework.beans.factory.support.ConstructorResolver.autowireConstructor(ConstructorResolver.java:240)
at org.springframework.beans.factory.support.AbstractAutowireCapableBeanFactory.autowireConstructor(AbstractAutowireCapableBeanFactory.java:1381)
at org.springframework.beans.factory.support.AbstractAutowireCapableBeanFactory.createBeanInstance(AbstractAutowireCapableBeanFactory.java:1218)
at org.springframework.beans.factory.support.AbstractAutowireCapableBeanFactory.doCreateBean(AbstractAutowireCapableBeanFactory.java:563)
at org.springframework.beans.factory.support.AbstractAutowireCapableBeanFactory.createBean(AbstractAutowireCapableBeanFactory.java:523)
at org.springframework.beans.factory.support.AbstractBeanFactory.lambda$doGetBean$0(AbstractBeanFactory.java:336)
at org.springframework.beans.factory.support.DefaultSingletonBeanRegistry.getSingleton(DefaultSingletonBeanRegistry.java:307)
at org.springframework.beans.factory.support.AbstractBeanFactory.doGetBean(AbstractBeanFactory.java:334)
at org.springframework.beans.factory.support.AbstractBeanFactory.getBean(AbstractBeanFactory.java:199)
at org.springframework.beans.factory.support.DefaultListableBeanFactory.instantiateSingleton(DefaultListableBeanFactory.java:1122)
at org.springframework.beans.factory.support.DefaultListableBeanFactory.preInstantiateSingleton(DefaultListableBeanFactory.java:1093)
at org.springframework.beans.factory.support.DefaultListableBeanFactory.preInstantiateSingletons(DefaultListableBeanFactory.java:1030)
at org.springframework.context.support.AbstractApplicationContext.finishBeanFactoryInitialization(AbstractApplicationContext.java:987)
at org.springframework.context.support.AbstractApplicationContext.refresh(AbstractApplicationContext.java:627)
at org.springframework.boot.web.servlet.context.ServletWebServerApplicationContext.refresh(ServletWebServerApplicationContext.java:146)
at org.springframework.boot.SpringApplication.refresh(SpringApplication.java:752)
at org.springframework.boot.SpringApplication.refreshContext(SpringApplication.java:439)
at org.springframework.boot.SpringApplication.run(SpringApplication.java:318)
at org.springframework.boot.SpringApplication.run(SpringApplication.java:1361)
at org.springframework.boot.SpringApplication.run(SpringApplication.java:1350)
at com.simplon_project.skillhub.skillhub.SkillhubApplication.main(SkillhubApplication.java:14)
at java.base/jdk.internal.reflect.DirectMethodHandleAccessor.invoke(DirectMethodHandleAccessor.java:103)
at java.base/java.lang.reflect.Method.invoke(Method.java:580)
at org.springframework.boot.devtools.restart.RestartLauncher.run(RestartLauncher.java:50)
2025-11-03 12:58:01.333 WARN  [restartedMain] o.s.b.a.s.s.UserDetailsServiceAutoConfiguration - 

Using generated security password: cda07330-b5de-444e-a05b-7dbc2d0219a2

This generated password is for development use only. Your security configuration must be updated before running your application in production.

2025-11-03 12:58:01.358 INFO  [restartedMain] o.s.s.c.a.a.c.InitializeUserDetailsBeanManagerConfigurer$InitializeUserDetailsManagerConfigurer - Global AuthenticationManager configured with UserDetailsService bean with name inMemoryUserDetailsManager
2025-11-03 12:58:02.892 INFO  [restartedMain] o.s.b.a.e.web.EndpointLinksResolver - Exposing 3 endpoints beneath base path '/actuator'
2025-11-03 12:58:04.348 INFO  [restartedMain] o.s.b.a.h.H2ConsoleAutoConfiguration - H2 console available at '/h2-console'. Databases available at 'jdbc:postgresql://localhost:5433/course_service', 'jdbc:postgresql://localhost:5434/storage_service'
2025-11-03 12:58:04.623 WARN  [restartedMain] o.s.b.d.a.OptionalLiveReloadServer - Unable to start LiveReload server
2025-11-03 12:58:05.678 INFO  [restartedMain] o.s.cloud.commons.util.InetUtils - Cannot determine local hostname
2025-11-03 12:58:05.853 DEBUG [restartedMain] o.s.a.r.l.a.MessagingMessageListenerAdapter - Inferred argument type for public void com.simplon_project.skillhub.skillhub.course.adapter.messaging.listeners.VideoMetadataExtractListener.handle(com.simplon_project.skillhub.skillhub.course.adapter.messaging.events.VideoMetadataExtractedEvent) is class com.simplon_project.skillhub.skillhub.course.adapter.messaging.events.VideoMetadataExtractedEvent
2025-11-03 12:58:05.878 DEBUG [restartedMain] o.s.a.r.l.SimpleMessageListenerContainer - No global properties bean
2025-11-03 12:58:05.878 DEBUG [restartedMain] o.s.a.r.l.SimpleMessageListenerContainer - No global properties bean
2025-11-03 12:58:05.880 DEBUG [restartedMain] o.s.a.r.l.a.MessagingMessageListenerAdapter - Inferred argument type for public void com.simplon_project.skillhub.skillhub.course.adapter.messaging.listeners.VideoUploadedListener.handle(com.simplon_project.skillhub.skillhub.course.adapter.messaging.events.VideoUploadedEvent) is class com.simplon_project.skillhub.skillhub.course.adapter.messaging.events.VideoUploadedEvent
2025-11-03 12:58:05.881 DEBUG [restartedMain] o.s.a.r.l.SimpleMessageListenerContainer - No global properties bean
2025-11-03 12:58:05.881 DEBUG [restartedMain] o.s.a.r.l.SimpleMessageListenerContainer - No global properties bean
2025-11-03 12:58:05.999 INFO  [restartedMain] o.a.coyote.http11.Http11NioProtocol - Starting ProtocolHandler ["http-nio-10020"]
2025-11-03 12:58:06.031 INFO  [restartedMain] o.s.b.w.e.tomcat.TomcatWebServer - Tomcat started on port 10020 (http) with context path '/'
2025-11-03 12:58:06.561 INFO  [http-nio-10020-exec-1] o.a.c.c.C.[Tomcat].[localhost].[/] - Initializing Spring DispatcherServlet 'dispatcherServlet'
2025-11-03 12:58:06.561 INFO  [http-nio-10020-exec-1] o.s.web.servlet.DispatcherServlet - Initializing Servlet 'dispatcherServlet'
2025-11-03 12:58:06.564 INFO  [http-nio-10020-exec-1] o.s.web.servlet.DispatcherServlet - Completed initialization in 2 ms
2025-11-03 12:58:07.059 INFO  [restartedMain] o.s.cloud.commons.util.InetUtils - Cannot determine local hostname
2025-11-03 12:58:07.059 DEBUG [restartedMain] o.s.a.r.l.SimpleMessageListenerContainer - Starting Rabbit listener container.
2025-11-03 12:58:07.064 INFO  [restartedMain] o.s.a.r.c.CachingConnectionFactory - Attempting to connect to: localhost:5672
2025-11-03 12:58:07.091 DEBUG [restartedMain] c.r.client.impl.ConsumerWorkService - Creating executor service with 8 thread(s) for consumer work service
2025-11-03 12:58:07.190 INFO  [restartedMain] o.s.a.r.c.CachingConnectionFactory - Created new connection: courseConnectionFactory#21929c1:0/SimpleConnection@363fcd9c [delegate=amqp://admin@127.0.0.1:5672/, localPort=58964]
2025-11-03 12:58:07.199 DEBUG [restartedMain] o.s.amqp.rabbit.core.RabbitAdmin - Initializing declarations
2025-11-03 12:58:07.219 DEBUG [restartedMain] o.s.a.r.c.CachingConnectionFactory - Creating cached Rabbit Channel from AMQChannel(amqp://admin@127.0.0.1:5672/,1)
2025-11-03 12:58:07.233 DEBUG [restartedMain] o.s.amqp.rabbit.core.RabbitTemplate - Executing callback RabbitAdmin$$Lambda/0x00000141bef39560 on RabbitMQ Channel: Cached Rabbit Channel: AMQChannel(amqp://admin@127.0.0.1:5672/,1), conn: Proxy@199b50c3 Shared Rabbit Connection: SimpleConnection@363fcd9c [delegate=amqp://admin@127.0.0.1:5672/, localPort=58964]
2025-11-03 12:58:07.234 DEBUG [restartedMain] o.s.amqp.rabbit.core.RabbitAdmin - declaring Exchange 'course.events'
2025-11-03 12:58:07.240 DEBUG [restartedMain] o.s.amqp.rabbit.core.RabbitAdmin - declaring Exchange 'course.events'
2025-11-03 12:58:07.242 DEBUG [restartedMain] o.s.amqp.rabbit.core.RabbitAdmin - declaring Queue 'course.media.uploaded.queue'
2025-11-03 12:58:07.249 DEBUG [restartedMain] o.s.amqp.rabbit.core.RabbitAdmin - declaring Queue 'course.media.metadata.extracted.queue'
2025-11-03 12:58:07.251 DEBUG [restartedMain] o.s.amqp.rabbit.core.RabbitAdmin - declaring Queue 'course.media.uploaded.queue'
2025-11-03 12:58:07.254 DEBUG [restartedMain] o.s.amqp.rabbit.core.RabbitAdmin - declaring Queue 'course.media.metadata.extracted.queue'
2025-11-03 12:58:07.256 DEBUG [restartedMain] o.s.amqp.rabbit.core.RabbitAdmin - Binding destination [course.media.uploaded.queue (QUEUE)] to exchange [course.events] with routing key [course.media.uploaded.v1]
2025-11-03 12:58:07.262 DEBUG [restartedMain] o.s.amqp.rabbit.core.RabbitAdmin - Binding destination [course.media.metadata.extracted.queue (QUEUE)] to exchange [course.events] with routing key [course.media.metadata.extracted.v1]
2025-11-03 12:58:07.265 DEBUG [restartedMain] o.s.amqp.rabbit.core.RabbitAdmin - Binding destination [course.media.uploaded.queue (QUEUE)] to exchange [course.events] with routing key [course.media.uploaded.v1]
2025-11-03 12:58:07.270 DEBUG [restartedMain] o.s.amqp.rabbit.core.RabbitAdmin - Binding destination [course.media.metadata.extracted.queue (QUEUE)] to exchange [course.events] with routing key [course.media.metadata.extracted.v1]
2025-11-03 12:58:07.277 DEBUG [restartedMain] o.s.amqp.rabbit.core.RabbitAdmin - Declarations finished
2025-11-03 12:58:07.296 DEBUG [org.springframework.amqp.rabbit.RabbitListenerEndpointContainer#0-1] o.s.amqp.rabbit.core.RabbitTemplate - Executing callback RabbitAdmin$$Lambda/0x00000141bef3fb88 on RabbitMQ Channel: Cached Rabbit Channel: AMQChannel(amqp://admin@127.0.0.1:5672/,1), conn: Proxy@199b50c3 Shared Rabbit Connection: SimpleConnection@363fcd9c [delegate=amqp://admin@127.0.0.1:5672/, localPort=58964]
2025-11-03 12:58:07.301 DEBUG [org.springframework.amqp.rabbit.RabbitListenerEndpointContainer#0-1] o.s.amqp.rabbit.core.RabbitTemplate - Executing callback RabbitAdmin$$Lambda/0x00000141bef3fb88 on RabbitMQ Channel: Cached Rabbit Channel: AMQChannel(amqp://admin@127.0.0.1:5672/,1), conn: Proxy@199b50c3 Shared Rabbit Connection: SimpleConnection@363fcd9c [delegate=amqp://admin@127.0.0.1:5672/, localPort=58964]
2025-11-03 12:58:07.313 DEBUG [org.springframework.amqp.rabbit.RabbitListenerEndpointContainer#0-1] o.s.a.r.l.BlockingQueueConsumer - Starting consumer Consumer@74a9ba8a: tags=[[]], channel=null, acknowledgeMode=AUTO local queue size=0
2025-11-03 12:58:07.352 DEBUG [org.springframework.amqp.rabbit.RabbitListenerEndpointContainer#0-1] o.s.a.r.l.BlockingQueueConsumer - Started on queue 'course.media.metadata.extracted.queue' with tag amq.ctag-WKlFTaBTXuN37eB1jDhy9w: Consumer@74a9ba8a: tags=[[]], channel=Cached Rabbit Channel: AMQChannel(amqp://admin@127.0.0.1:5672/,1), conn: Proxy@199b50c3 Shared Rabbit Connection: SimpleConnection@363fcd9c [delegate=amqp://admin@127.0.0.1:5672/, localPort=58964], acknowledgeMode=AUTO local queue size=0
2025-11-03 12:58:07.352 DEBUG [restartedMain] o.s.a.r.l.SimpleMessageListenerContainer - Starting Rabbit listener container.
2025-11-03 12:58:07.352 DEBUG [pool-2-thread-3] o.s.a.r.l.BlockingQueueConsumer - ConsumeOK: Consumer@74a9ba8a: tags=[[amq.ctag-WKlFTaBTXuN37eB1jDhy9w]], channel=Cached Rabbit Channel: AMQChannel(amqp://admin@127.0.0.1:5672/,1), conn: Proxy@199b50c3 Shared Rabbit Connection: SimpleConnection@363fcd9c [delegate=amqp://admin@127.0.0.1:5672/, localPort=58964], acknowledgeMode=AUTO local queue size=0
2025-11-03 12:58:07.366 DEBUG [org.springframework.amqp.rabbit.RabbitListenerEndpointContainer#1-1] o.s.a.r.c.CachingConnectionFactory - Creating cached Rabbit Channel from AMQChannel(amqp://admin@127.0.0.1:5672/,2)
2025-11-03 12:58:07.367 DEBUG [org.springframework.amqp.rabbit.RabbitListenerEndpointContainer#1-1] o.s.amqp.rabbit.core.RabbitTemplate - Executing callback RabbitAdmin$$Lambda/0x00000141bef3fb88 on RabbitMQ Channel: Cached Rabbit Channel: AMQChannel(amqp://admin@127.0.0.1:5672/,2), conn: Proxy@199b50c3 Shared Rabbit Connection: SimpleConnection@363fcd9c [delegate=amqp://admin@127.0.0.1:5672/, localPort=58964]
2025-11-03 12:58:07.371 DEBUG [org.springframework.amqp.rabbit.RabbitListenerEndpointContainer#1-1] o.s.amqp.rabbit.core.RabbitTemplate - Executing callback RabbitAdmin$$Lambda/0x00000141bef3fb88 on RabbitMQ Channel: Cached Rabbit Channel: AMQChannel(amqp://admin@127.0.0.1:5672/,2), conn: Proxy@199b50c3 Shared Rabbit Connection: SimpleConnection@363fcd9c [delegate=amqp://admin@127.0.0.1:5672/, localPort=58964]
2025-11-03 12:58:07.374 DEBUG [org.springframework.amqp.rabbit.RabbitListenerEndpointContainer#1-1] o.s.a.r.l.BlockingQueueConsumer - Starting consumer Consumer@76fbf3ca: tags=[[]], channel=null, acknowledgeMode=AUTO local queue size=0
2025-11-03 12:58:07.388 DEBUG [org.springframework.amqp.rabbit.RabbitListenerEndpointContainer#1-1] o.s.a.r.l.BlockingQueueConsumer - Started on queue 'course.media.uploaded.queue' with tag amq.ctag-EnJi-TsZVUZt2cXK2evtag: Consumer@76fbf3ca: tags=[[]], channel=Cached Rabbit Channel: AMQChannel(amqp://admin@127.0.0.1:5672/,2), conn: Proxy@199b50c3 Shared Rabbit Connection: SimpleConnection@363fcd9c [delegate=amqp://admin@127.0.0.1:5672/, localPort=58964], acknowledgeMode=AUTO local queue size=0
2025-11-03 12:58:07.389 DEBUG [pool-2-thread-4] o.s.a.r.l.BlockingQueueConsumer - ConsumeOK: Consumer@76fbf3ca: tags=[[amq.ctag-EnJi-TsZVUZt2cXK2evtag]], channel=Cached Rabbit Channel: AMQChannel(amqp://admin@127.0.0.1:5672/,2), conn: Proxy@199b50c3 Shared Rabbit Connection: SimpleConnection@363fcd9c [delegate=amqp://admin@127.0.0.1:5672/, localPort=58964], acknowledgeMode=AUTO local queue size=0
2025-11-03 12:58:07.425 INFO  [restartedMain] c.s.s.skillhub.SkillhubApplication - Started SkillhubApplication in 28.742 seconds (process running for 33.436)
2025-11-03 12:58:07.447 INFO  [restartedMain] c.s.s.skillhub.config.Configuration - 
=====================================================================

    Base Url: http://localhost:10020/

    Swagger Url: http://localhost:10020/swagger-ui/index.html

   Health Url: http://localhost:10020/actuator/health

=====================================================================
2025-11-03 12:58:07.449 INFO  [restartedMain] c.s.s.skillhub.SkillhubApplication - ✅ Application démarrée — test création du fichier de log
2025-11-03 12:58:10.812 ERROR [http-nio-10020-exec-2] o.z.p.spring.common.AdviceTraits - Internal Server Error
org.springframework.web.servlet.resource.NoResourceFoundException: No static resource course.
	at org.springframework.web.servlet.resource.ResourceHttpRequestHandler.handleRequest(ResourceHttpRequestHandler.java:585)
	at org.springframework.web.servlet.mvc.HttpRequestHandlerAdapter.handle(HttpRequestHandlerAdapter.java:52)
	at org.springframework.web.servlet.DispatcherServlet.doDispatch(DispatcherServlet.java:1088)
	at org.springframework.web.servlet.DispatcherServlet.doService(DispatcherServlet.java:978)
	at org.springframework.web.servlet.FrameworkServlet.processRequest(FrameworkServlet.java:1014)
	at org.springframework.web.servlet.FrameworkServlet.doPost(FrameworkServlet.java:914)
	at jakarta.servlet.http.HttpServlet.service(HttpServlet.java:590)
	at org.springframework.web.servlet.FrameworkServlet.service(FrameworkServlet.java:885)
	at jakarta.servlet.http.HttpServlet.service(HttpServlet.java:658)
	at org.apache.catalina.core.ApplicationFilterChain.internalDoFilter(ApplicationFilterChain.java:195)
	at org.apache.catalina.core.ApplicationFilterChain.doFilter(ApplicationFilterChain.java:140)
	at org.apache.tomcat.websocket.server.WsFilter.doFilter(WsFilter.java:51)
	at org.apache.catalina.core.ApplicationFilterChain.internalDoFilter(ApplicationFilterChain.java:164)
	at org.apache.catalina.core.ApplicationFilterChain.doFilter(ApplicationFilterChain.java:140)
	at org.springframework.web.filter.CompositeFilter$VirtualFilterChain.doFilter(CompositeFilter.java:108)
	at org.springframework.security.web.FilterChainProxy.lambda$doFilterInternal$3(FilterChainProxy.java:231)
	at org.springframework.security.web.ObservationFilterChainDecorator$FilterObservation$SimpleFilterObservation.lambda$wrap$1(ObservationFilterChainDecorator.java:479)
	at org.springframework.security.web.ObservationFilterChainDecorator$AroundFilterObservation$SimpleAroundFilterObservation.lambda$wrap$1(ObservationFilterChainDecorator.java:340)
	at org.springframework.security.web.ObservationFilterChainDecorator.lambda$wrapSecured$0(ObservationFilterChainDecorator.java:82)
	at org.springframework.security.web.ObservationFilterChainDecorator$VirtualFilterChain.doFilter(ObservationFilterChainDecorator.java:128)
	at org.springframework.security.web.access.intercept.AuthorizationFilter.doFilter(AuthorizationFilter.java:101)
	at org.springframework.security.web.ObservationFilterChainDecorator$ObservationFilter.wrapFilter(ObservationFilterChainDecorator.java:240)
	at org.springframework.security.web.ObservationFilterChainDecorator$ObservationFilter.doFilter(ObservationFilterChainDecorator.java:227)
	at org.springframework.security.web.ObservationFilterChainDecorator$VirtualFilterChain.doFilter(ObservationFilterChainDecorator.java:137)
	at org.springframework.security.web.access.ExceptionTranslationFilter.doFilter(ExceptionTranslationFilter.java:126)
	at org.springframework.security.web.access.ExceptionTranslationFilter.doFilter(ExceptionTranslationFilter.java:120)
	at org.springframework.security.web.ObservationFilterChainDecorator$ObservationFilter.wrapFilter(ObservationFilterChainDecorator.java:240)
	at org.springframework.security.web.ObservationFilterChainDecorator$ObservationFilter.doFilter(ObservationFilterChainDecorator.java:227)
	at org.springframework.security.web.ObservationFilterChainDecorator$VirtualFilterChain.doFilter(ObservationFilterChainDecorator.java:137)
	at org.springframework.security.web.authentication.AnonymousAuthenticationFilter.doFilter(AnonymousAuthenticationFilter.java:100)
	at org.springframework.security.web.ObservationFilterChainDecorator$ObservationFilter.wrapFilter(ObservationFilterChainDecorator.java:240)
	at org.springframework.security.web.ObservationFilterChainDecorator$ObservationFilter.doFilter(ObservationFilterChainDecorator.java:227)
	at org.springframework.security.web.ObservationFilterChainDecorator$VirtualFilterChain.doFilter(ObservationFilterChainDecorator.java:137)
	at org.springframework.security.web.servletapi.SecurityContextHolderAwareRequestFilter.doFilter(SecurityContextHolderAwareRequestFilter.java:179)
	at org.springframework.security.web.ObservationFilterChainDecorator$ObservationFilter.wrapFilter(ObservationFilterChainDecorator.java:240)
	at org.springframework.security.web.ObservationFilterChainDecorator$ObservationFilter.doFilter(ObservationFilterChainDecorator.java:227)
	at org.springframework.security.web.ObservationFilterChainDecorator$VirtualFilterChain.doFilter(ObservationFilterChainDecorator.java:137)
	at org.springframework.security.web.savedrequest.RequestCacheAwareFilter.doFilter(RequestCacheAwareFilter.java:63)
	at org.springframework.security.web.ObservationFilterChainDecorator$ObservationFilter.wrapFilter(ObservationFilterChainDecorator.java:240)
	at org.springframework.security.web.ObservationFilterChainDecorator$ObservationFilter.doFilter(ObservationFilterChainDecorator.java:227)
	at org.springframework.security.web.ObservationFilterChainDecorator$VirtualFilterChain.doFilter(ObservationFilterChainDecorator.java:137)
	at org.springframework.security.web.authentication.logout.LogoutFilter.doFilter(LogoutFilter.java:107)
	at org.springframework.security.web.authentication.logout.LogoutFilter.doFilter(LogoutFilter.java:93)
	at org.springframework.security.web.ObservationFilterChainDecorator$ObservationFilter.wrapFilter(ObservationFilterChainDecorator.java:240)
	at org.springframework.security.web.ObservationFilterChainDecorator$ObservationFilter.doFilter(ObservationFilterChainDecorator.java:227)
	at org.springframework.security.web.ObservationFilterChainDecorator$VirtualFilterChain.doFilter(ObservationFilterChainDecorator.java:137)
	at org.springframework.web.filter.CorsFilter.doFilterInternal(CorsFilter.java:91)
	at org.springframework.web.filter.OncePerRequestFilter.doFilter(OncePerRequestFilter.java:116)
	at org.springframework.security.web.ObservationFilterChainDecorator$ObservationFilter.wrapFilter(ObservationFilterChainDecorator.java:240)
	at org.springframework.security.web.ObservationFilterChainDecorator$ObservationFilter.doFilter(ObservationFilterChainDecorator.java:227)
	at org.springframework.security.web.ObservationFilterChainDecorator$VirtualFilterChain.doFilter(ObservationFilterChainDecorator.java:137)
	at org.springframework.security.web.header.HeaderWriterFilter.doHeadersAfter(HeaderWriterFilter.java:90)
	at org.springframework.security.web.header.HeaderWriterFilter.doFilterInternal(HeaderWriterFilter.java:75)
	at org.springframework.web.filter.OncePerRequestFilter.doFilter(OncePerRequestFilter.java:116)
	at org.springframework.security.web.ObservationFilterChainDecorator$ObservationFilter.wrapFilter(ObservationFilterChainDecorator.java:240)
	at org.springframework.security.web.ObservationFilterChainDecorator$ObservationFilter.doFilter(ObservationFilterChainDecorator.java:227)
	at org.springframework.security.web.ObservationFilterChainDecorator$VirtualFilterChain.doFilter(ObservationFilterChainDecorator.java:137)
	at org.springframework.security.web.context.SecurityContextHolderFilter.doFilter(SecurityContextHolderFilter.java:82)
	at org.springframework.security.web.context.SecurityContextHolderFilter.doFilter(SecurityContextHolderFilter.java:69)
	at org.springframework.security.web.ObservationFilterChainDecorator$ObservationFilter.wrapFilter(ObservationFilterChainDecorator.java:240)
	at org.springframework.security.web.ObservationFilterChainDecorator$ObservationFilter.doFilter(ObservationFilterChainDecorator.java:227)
	at org.springframework.security.web.ObservationFilterChainDecorator$VirtualFilterChain.doFilter(ObservationFilterChainDecorator.java:137)
	at org.springframework.security.web.context.request.async.WebAsyncManagerIntegrationFilter.doFilterInternal(WebAsyncManagerIntegrationFilter.java:62)
	at org.springframework.web.filter.OncePerRequestFilter.doFilter(OncePerRequestFilter.java:116)
	at org.springframework.security.web.ObservationFilterChainDecorator$ObservationFilter.wrapFilter(ObservationFilterChainDecorator.java:240)
	at org.springframework.security.web.ObservationFilterChainDecorator$ObservationFilter.doFilter(ObservationFilterChainDecorator.java:227)
	at org.springframework.security.web.ObservationFilterChainDecorator$VirtualFilterChain.doFilter(ObservationFilterChainDecorator.java:137)
	at org.springframework.security.web.session.DisableEncodeUrlFilter.doFilterInternal(DisableEncodeUrlFilter.java:42)
	at org.springframework.web.filter.OncePerRequestFilter.doFilter(OncePerRequestFilter.java:116)
	at org.springframework.security.web.ObservationFilterChainDecorator$ObservationFilter.wrapFilter(ObservationFilterChainDecorator.java:240)
	at org.springframework.security.web.ObservationFilterChainDecorator$AroundFilterObservation$SimpleAroundFilterObservation.lambda$wrap$0(ObservationFilterChainDecorator.java:323)
	at org.springframework.security.web.ObservationFilterChainDecorator$ObservationFilter.doFilter(ObservationFilterChainDecorator.java:224)
	at org.springframework.security.web.ObservationFilterChainDecorator$VirtualFilterChain.doFilter(ObservationFilterChainDecorator.java:137)
	at org.springframework.security.web.FilterChainProxy.doFilterInternal(FilterChainProxy.java:233)
	at org.springframework.security.web.FilterChainProxy.doFilter(FilterChainProxy.java:191)
	at org.springframework.web.filter.CompositeFilter$VirtualFilterChain.doFilter(CompositeFilter.java:113)
	at org.springframework.web.servlet.handler.HandlerMappingIntrospector.lambda$createCacheFilter$3(HandlerMappingIntrospector.java:243)
	at org.springframework.web.filter.CompositeFilter$VirtualFilterChain.doFilter(CompositeFilter.java:113)
	at org.springframework.web.filter.CompositeFilter.doFilter(CompositeFilter.java:74)
	at org.springframework.security.config.annotation.web.configuration.WebMvcSecurityConfiguration$CompositeFilterChainProxy.doFilter(WebMvcSecurityConfiguration.java:238)
	at org.springframework.web.filter.DelegatingFilterProxy.invokeDelegate(DelegatingFilterProxy.java:362)
	at org.springframework.web.filter.DelegatingFilterProxy.doFilter(DelegatingFilterProxy.java:278)
	at org.apache.catalina.core.ApplicationFilterChain.internalDoFilter(ApplicationFilterChain.java:164)
	at org.apache.catalina.core.ApplicationFilterChain.doFilter(ApplicationFilterChain.java:140)
	at org.springframework.web.filter.RequestContextFilter.doFilterInternal(RequestContextFilter.java:100)
	at org.springframework.web.filter.OncePerRequestFilter.doFilter(OncePerRequestFilter.java:116)
	at org.apache.catalina.core.ApplicationFilterChain.internalDoFilter(ApplicationFilterChain.java:164)
	at org.apache.catalina.core.ApplicationFilterChain.doFilter(ApplicationFilterChain.java:140)
	at org.springframework.web.filter.FormContentFilter.doFilterInternal(FormContentFilter.java:93)
	at org.springframework.web.filter.OncePerRequestFilter.doFilter(OncePerRequestFilter.java:116)
	at org.apache.catalina.core.ApplicationFilterChain.internalDoFilter(ApplicationFilterChain.java:164)
	at org.apache.catalina.core.ApplicationFilterChain.doFilter(ApplicationFilterChain.java:140)
	at org.springframework.web.filter.ServerHttpObservationFilter.doFilterInternal(ServerHttpObservationFilter.java:114)
	at org.springframework.web.filter.OncePerRequestFilter.doFilter(OncePerRequestFilter.java:116)
	at org.apache.catalina.core.ApplicationFilterChain.internalDoFilter(ApplicationFilterChain.java:164)
	at org.apache.catalina.core.ApplicationFilterChain.doFilter(ApplicationFilterChain.java:140)
	at org.springframework.web.filter.CharacterEncodingFilter.doFilterInternal(CharacterEncodingFilter.java:201)
	at org.springframework.web.filter.OncePerRequestFilter.doFilter(OncePerRequestFilter.java:116)
	at org.apache.catalina.core.ApplicationFilterChain.internalDoFilter(ApplicationFilterChain.java:164)
	at org.apache.catalina.core.ApplicationFilterChain.doFilter(ApplicationFilterChain.java:140)
	at org.apache.catalina.core.StandardWrapperValve.invoke(StandardWrapperValve.java:167)
	at org.apache.catalina.core.StandardContextValve.invoke(StandardContextValve.java:90)
	at org.apache.catalina.authenticator.AuthenticatorBase.invoke(AuthenticatorBase.java:483)
	at org.apache.catalina.core.StandardHostValve.invoke(StandardHostValve.java:115)
	at org.apache.catalina.valves.ErrorReportValve.invoke(ErrorReportValve.java:93)
	at org.apache.catalina.core.StandardEngineValve.invoke(StandardEngineValve.java:74)
	at org.apache.catalina.connector.CoyoteAdapter.service(CoyoteAdapter.java:344)
	at org.apache.coyote.http11.Http11Processor.service(Http11Processor.java:397)
	at org.apache.coyote.AbstractProcessorLight.process(AbstractProcessorLight.java:63)
	at org.apache.coyote.AbstractProtocol$ConnectionHandler.process(AbstractProtocol.java:905)
	at org.apache.tomcat.util.net.NioEndpoint$SocketProcessor.doRun(NioEndpoint.java:1741)
	at org.apache.tomcat.util.net.SocketProcessorBase.run(SocketProcessorBase.java:52)
	at org.apache.tomcat.util.threads.ThreadPoolExecutor.runWorker(ThreadPoolExecutor.java:1190)
	at org.apache.tomcat.util.threads.ThreadPoolExecutor$Worker.run(ThreadPoolExecutor.java:659)
	at org.apache.tomcat.util.threads.TaskThread$WrappingRunnable.run(TaskThread.java:63)
	at java.base/java.lang.Thread.run(Thread.java:1583)
2025-11-03 12:58:11.030 WARN  [http-nio-10020-exec-2] o.s.w.s.m.m.a.ExceptionHandlerExceptionResolver - Resolved [org.springframework.web.servlet.resource.NoResourceFoundException: No static resource course.]
2025-11-03 12:59:10.252 DEBUG [SpringApplicationShutdownHook] o.s.a.r.l.SimpleMessageListenerContainer - Shutting down Rabbit listener container
2025-11-03 12:59:10.258 DEBUG [pool-2-thread-5] o.s.a.r.l.BlockingQueueConsumer - Received cancelOk for tag amq.ctag-WKlFTaBTXuN37eB1jDhy9w (course.media.metadata.extracted.queue); Consumer@74a9ba8a: tags=[[amq.ctag-WKlFTaBTXuN37eB1jDhy9w]], channel=Cached Rabbit Channel: AMQChannel(amqp://admin@127.0.0.1:5672/,1), conn: Proxy@199b50c3 Shared Rabbit Connection: SimpleConnection@363fcd9c [delegate=amqp://admin@127.0.0.1:5672/, localPort=58964], acknowledgeMode=AUTO local queue size=0
2025-11-03 12:59:10.258 DEBUG [SpringApplicationShutdownHook] o.s.a.r.l.SimpleMessageListenerContainer - Shutting down Rabbit listener container
2025-11-03 12:59:10.259 INFO  [org.springframework.amqp.rabbit.RabbitListenerEndpointContainer#0-2] o.s.a.r.l.SimpleMessageListenerContainer - Waiting for workers to finish.
2025-11-03 12:59:10.261 INFO  [org.springframework.amqp.rabbit.RabbitListenerEndpointContainer#1-2] o.s.a.r.l.SimpleMessageListenerContainer - Waiting for workers to finish.
2025-11-03 12:59:10.261 DEBUG [pool-2-thread-6] o.s.a.r.l.BlockingQueueConsumer - Received cancelOk for tag amq.ctag-EnJi-TsZVUZt2cXK2evtag (course.media.uploaded.queue); Consumer@76fbf3ca: tags=[[amq.ctag-EnJi-TsZVUZt2cXK2evtag]], channel=Cached Rabbit Channel: AMQChannel(amqp://admin@127.0.0.1:5672/,2), conn: Proxy@199b50c3 Shared Rabbit Connection: SimpleConnection@363fcd9c [delegate=amqp://admin@127.0.0.1:5672/, localPort=58964], acknowledgeMode=AUTO local queue size=0
2025-11-03 12:59:10.994 INFO  [org.springframework.amqp.rabbit.RabbitListenerEndpointContainer#0-2] o.s.a.r.l.SimpleMessageListenerContainer - Successfully waited for workers to finish.
2025-11-03 12:59:10.994 DEBUG [org.springframework.amqp.rabbit.RabbitListenerEndpointContainer#0-1] o.s.a.r.l.SimpleMessageListenerContainer - Cancelling Consumer@74a9ba8a: tags=[[amq.ctag-WKlFTaBTXuN37eB1jDhy9w]], channel=Cached Rabbit Channel: AMQChannel(amqp://admin@127.0.0.1:5672/,1), conn: Proxy@199b50c3 Shared Rabbit Connection: SimpleConnection@363fcd9c [delegate=amqp://admin@127.0.0.1:5672/, localPort=58964], acknowledgeMode=AUTO local queue size=0
2025-11-03 12:59:10.994 DEBUG [org.springframework.amqp.rabbit.RabbitListenerEndpointContainer#0-1] o.s.a.r.l.BlockingQueueConsumer - Closing Rabbit Channel: Cached Rabbit Channel: AMQChannel(amqp://admin@127.0.0.1:5672/,1), conn: Proxy@199b50c3 Shared Rabbit Connection: SimpleConnection@363fcd9c [delegate=amqp://admin@127.0.0.1:5672/, localPort=58964]
2025-11-03 12:59:10.994 DEBUG [org.springframework.amqp.rabbit.RabbitListenerEndpointContainer#0-1] o.s.a.r.c.CachingConnectionFactory - Closing cached Channel: AMQChannel(amqp://admin@127.0.0.1:5672/,1)
2025-11-03 12:59:11.026 INFO  [org.springframework.amqp.rabbit.RabbitListenerEndpointContainer#1-2] o.s.a.r.l.SimpleMessageListenerContainer - Successfully waited for workers to finish.
2025-11-03 12:59:11.026 DEBUG [org.springframework.amqp.rabbit.RabbitListenerEndpointContainer#1-1] o.s.a.r.l.SimpleMessageListenerContainer - Cancelling Consumer@76fbf3ca: tags=[[amq.ctag-EnJi-TsZVUZt2cXK2evtag]], channel=Cached Rabbit Channel: AMQChannel(amqp://admin@127.0.0.1:5672/,2), conn: Proxy@199b50c3 Shared Rabbit Connection: SimpleConnection@363fcd9c [delegate=amqp://admin@127.0.0.1:5672/, localPort=58964], acknowledgeMode=AUTO local queue size=0
2025-11-03 12:59:11.026 DEBUG [org.springframework.amqp.rabbit.RabbitListenerEndpointContainer#1-1] o.s.a.r.l.BlockingQueueConsumer - Closing Rabbit Channel: Cached Rabbit Channel: AMQChannel(amqp://admin@127.0.0.1:5672/,2), conn: Proxy@199b50c3 Shared Rabbit Connection: SimpleConnection@363fcd9c [delegate=amqp://admin@127.0.0.1:5672/, localPort=58964]
2025-11-03 12:59:11.026 DEBUG [org.springframework.amqp.rabbit.RabbitListenerEndpointContainer#1-1] o.s.a.r.c.CachingConnectionFactory - Closing cached Channel: AMQChannel(amqp://admin@127.0.0.1:5672/,2)
2025-11-03 12:59:11.027 INFO  [SpringApplicationShutdownHook] o.s.b.w.e.tomcat.GracefulShutdown - Commencing graceful shutdown. Waiting for active requests to complete
2025-11-03 12:59:11.049 INFO  [tomcat-shutdown] o.s.b.w.e.tomcat.GracefulShutdown - Graceful shutdown complete
2025-11-03 12:59:11.086 DEBUG [SpringApplicationShutdownHook] o.s.a.r.l.SimpleMessageListenerContainer - Shutdown ignored - container is not active already
2025-11-03 12:59:11.086 DEBUG [SpringApplicationShutdownHook] o.s.a.r.l.SimpleMessageListenerContainer - Shutdown ignored - container is not active already
2025-11-03 12:59:11.093 INFO  [SpringApplicationShutdownHook] o.s.o.j.LocalContainerEntityManagerFactoryBean - Closing JPA EntityManagerFactory for persistence unit 'storagePU'
2025-11-03 12:59:11.094 INFO  [SpringApplicationShutdownHook] o.s.o.j.LocalContainerEntityManagerFactoryBean - Closing JPA EntityManagerFactory for persistence unit 'coursePU'
2025-11-03 12:59:11.095 INFO  [SpringApplicationShutdownHook] com.zaxxer.hikari.HikariDataSource - HikariPool-2 - Shutdown initiated...
2025-11-03 12:59:11.106 INFO  [SpringApplicationShutdownHook] com.zaxxer.hikari.HikariDataSource - HikariPool-2 - Shutdown completed.
2025-11-03 12:59:11.107 INFO  [SpringApplicationShutdownHook] com.zaxxer.hikari.HikariDataSource - HikariPool-1 - Shutdown initiated...
2025-11-03 12:59:11.121 INFO  [SpringApplicationShutdownHook] com.zaxxer.hikari.HikariDataSource - HikariPool-1 - Shutdown completed.
2025-11-03 12:59:56.404 INFO  [background-preinit] o.h.validator.internal.util.Version - HV000001: Hibernate Validator 8.0.2.Final
2025-11-03 12:59:56.525 INFO  [restartedMain] c.s.s.skillhub.SkillhubApplication - Starting SkillhubApplication using Java 21.0.4 with PID 25724 (C:\Users\Utilisateur\Documents\PROJET\e-learning-monolith-back\target\classes started by Utilisateur in C:\Users\Utilisateur\Documents\PROJET\e-learning-monolith-back)
2025-11-03 12:59:56.526 DEBUG [restartedMain] c.s.s.skillhub.SkillhubApplication - Running with Spring Boot v3.4.2, Spring v6.2.2
2025-11-03 12:59:56.529 INFO  [restartedMain] c.s.s.skillhub.SkillhubApplication - The following 1 profile is active: "usage_message"
2025-11-03 12:59:56.639 INFO  [restartedMain] o.s.b.d.e.DevToolsPropertyDefaultsPostProcessor - Devtools property defaults active! Set 'spring.devtools.add-properties' to 'false' to disable
2025-11-03 12:59:56.640 INFO  [restartedMain] o.s.b.d.e.DevToolsPropertyDefaultsPostProcessor - For additional web related logging consider setting the 'logging.level.web' property to 'DEBUG'
2025-11-03 12:59:59.653 INFO  [restartedMain] o.s.d.r.c.RepositoryConfigurationDelegate - Bootstrapping Spring Data JPA repositories in DEFAULT mode.
2025-11-03 12:59:59.774 INFO  [restartedMain] o.s.d.r.c.RepositoryConfigurationDelegate - Finished Spring Data repository scanning in 104 ms. Found 3 JPA repository interfaces.
2025-11-03 12:59:59.786 INFO  [restartedMain] o.s.d.r.c.RepositoryConfigurationDelegate - Bootstrapping Spring Data JPA repositories in DEFAULT mode.
2025-11-03 12:59:59.801 INFO  [restartedMain] o.s.d.r.c.RepositoryConfigurationDelegate - Finished Spring Data repository scanning in 13 ms. Found 1 JPA repository interface.
2025-11-03 13:00:00.979 INFO  [restartedMain] o.s.cloud.context.scope.GenericScope - BeanFactory id=b52957b8-36cc-3832-80da-e99eb6ae0eb2
2025-11-03 13:00:03.068 INFO  [restartedMain] o.s.b.w.e.tomcat.TomcatWebServer - Tomcat initialized with port 10020 (http)
2025-11-03 13:00:03.094 INFO  [restartedMain] o.a.coyote.http11.Http11NioProtocol - Initializing ProtocolHandler ["http-nio-10020"]
2025-11-03 13:00:03.097 INFO  [restartedMain] o.a.catalina.core.StandardService - Starting service [Tomcat]
2025-11-03 13:00:03.097 INFO  [restartedMain] o.a.catalina.core.StandardEngine - Starting Servlet engine: [Apache Tomcat/10.1.34]
2025-11-03 13:00:03.291 INFO  [restartedMain] o.a.c.c.C.[Tomcat].[localhost].[/] - Initializing Spring embedded WebApplicationContext
2025-11-03 13:00:03.294 INFO  [restartedMain] o.s.b.w.s.c.ServletWebServerApplicationContext - Root WebApplicationContext: initialization completed in 6650 ms
2025-11-03 13:00:03.886 INFO  [restartedMain] com.zaxxer.hikari.HikariDataSource - HikariPool-1 - Starting...
2025-11-03 13:00:04.140 INFO  [restartedMain] com.zaxxer.hikari.pool.HikariPool - HikariPool-1 - Added connection org.postgresql.jdbc.PgConnection@4396e4f8
2025-11-03 13:00:04.144 INFO  [restartedMain] com.zaxxer.hikari.HikariDataSource - HikariPool-1 - Start completed.
2025-11-03 13:00:04.483 INFO  [restartedMain] liquibase.database - Set default schema name to public
2025-11-03 13:00:05.195 INFO  [restartedMain] liquibase.changelog - Reading from public.databasechangelog
2025-11-03 13:00:05.297 INFO  [restartedMain] liquibase.ui - Database is up to date, no changesets to execute
2025-11-03 13:00:05.301 INFO  [restartedMain] liquibase.changelog - Reading from public.databasechangelog
2025-11-03 13:00:05.317 INFO  [restartedMain] liquibase.util - UPDATE SUMMARY
2025-11-03 13:00:05.317 INFO  [restartedMain] liquibase.util - Run:                          0
2025-11-03 13:00:05.317 INFO  [restartedMain] liquibase.util - Previously run:               5
2025-11-03 13:00:05.318 INFO  [restartedMain] liquibase.util - Filtered out:                 0
2025-11-03 13:00:05.318 INFO  [restartedMain] liquibase.util - -------------------------------
2025-11-03 13:00:05.318 INFO  [restartedMain] liquibase.util - Total change sets:            5
2025-11-03 13:00:05.319 INFO  [restartedMain] liquibase.util - Update summary generated
2025-11-03 13:00:05.321 INFO  [restartedMain] liquibase.command - Command execution complete
2025-11-03 13:00:05.349 INFO  [restartedMain] com.zaxxer.hikari.HikariDataSource - HikariPool-2 - Starting...
2025-11-03 13:00:05.387 INFO  [restartedMain] com.zaxxer.hikari.pool.HikariPool - HikariPool-2 - Added connection org.postgresql.jdbc.PgConnection@59f55fb5
2025-11-03 13:00:05.387 INFO  [restartedMain] com.zaxxer.hikari.HikariDataSource - HikariPool-2 - Start completed.
2025-11-03 13:00:05.537 INFO  [restartedMain] liquibase.changelog - Reading from public.databasechangelog
2025-11-03 13:00:05.611 INFO  [restartedMain] liquibase.ui - Database is up to date, no changesets to execute
2025-11-03 13:00:05.613 INFO  [restartedMain] liquibase.changelog - Reading from public.databasechangelog
2025-11-03 13:00:05.618 INFO  [restartedMain] liquibase.util - UPDATE SUMMARY
2025-11-03 13:00:05.618 INFO  [restartedMain] liquibase.util - Run:                          0
2025-11-03 13:00:05.618 INFO  [restartedMain] liquibase.util - Previously run:               6
2025-11-03 13:00:05.618 INFO  [restartedMain] liquibase.util - Filtered out:                 0
2025-11-03 13:00:05.618 INFO  [restartedMain] liquibase.util - -------------------------------
2025-11-03 13:00:05.619 INFO  [restartedMain] liquibase.util - Total change sets:            6
2025-11-03 13:00:05.619 INFO  [restartedMain] liquibase.util - Update summary generated
2025-11-03 13:00:05.619 INFO  [restartedMain] liquibase.command - Command execution complete
2025-11-03 13:00:05.706 INFO  [restartedMain] o.h.jpa.internal.util.LogHelper - HHH000204: Processing PersistenceUnitInfo [name: coursePU]
2025-11-03 13:00:05.874 INFO  [restartedMain] org.hibernate.Version - HHH000412: Hibernate ORM core version 6.6.5.Final
2025-11-03 13:00:05.945 INFO  [restartedMain] o.h.c.i.RegionFactoryInitiator - HHH000026: Second-level cache disabled
2025-11-03 13:00:06.787 INFO  [restartedMain] o.s.o.j.p.SpringPersistenceUnitInfo - No LoadTimeWeaver setup: ignoring JPA class transformer
2025-11-03 13:00:06.914 INFO  [restartedMain] o.hibernate.orm.connections.pooling - HHH10001005: Database info:
	Database JDBC URL [Connecting through datasource 'HikariDataSource (HikariPool-2)']
	Database driver: undefined/unknown
	Database version: 15.14
	Autocommit mode: undefined/unknown
	Isolation level: undefined/unknown
	Minimum pool size: undefined/unknown
	Maximum pool size: undefined/unknown
2025-11-03 13:00:09.061 INFO  [restartedMain] o.h.e.t.j.p.i.JtaPlatformInitiator - HHH000489: No JTA platform available (set 'hibernate.transaction.jta.platform' to enable JTA platform integration)
2025-11-03 13:00:09.069 INFO  [restartedMain] o.s.o.j.LocalContainerEntityManagerFactoryBean - Initialized JPA EntityManagerFactory for persistence unit 'coursePU'
2025-11-03 13:00:09.128 INFO  [restartedMain] o.h.jpa.internal.util.LogHelper - HHH000204: Processing PersistenceUnitInfo [name: storagePU]
2025-11-03 13:00:09.170 INFO  [restartedMain] o.h.c.i.RegionFactoryInitiator - HHH000026: Second-level cache disabled
2025-11-03 13:00:09.780 INFO  [restartedMain] o.s.o.j.p.SpringPersistenceUnitInfo - No LoadTimeWeaver setup: ignoring JPA class transformer
2025-11-03 13:00:09.791 INFO  [restartedMain] o.hibernate.orm.connections.pooling - HHH10001005: Database info:
	Database JDBC URL [Connecting through datasource 'HikariDataSource (HikariPool-1)']
	Database driver: undefined/unknown
	Database version: 15.14
	Autocommit mode: undefined/unknown
	Isolation level: undefined/unknown
	Minimum pool size: undefined/unknown
	Maximum pool size: undefined/unknown
2025-11-03 13:00:09.919 INFO  [restartedMain] o.h.e.t.j.p.i.JtaPlatformInitiator - HHH000489: No JTA platform available (set 'hibernate.transaction.jta.platform' to enable JTA platform integration)
2025-11-03 13:00:09.920 INFO  [restartedMain] o.s.o.j.LocalContainerEntityManagerFactoryBean - Initialized JPA EntityManagerFactory for persistence unit 'storagePU'
2025-11-03 13:00:11.029 INFO  [restartedMain] o.s.d.j.r.query.QueryEnhancerFactory - Hibernate is in classpath; If applicable, HQL parser will be used.
2025-11-03 13:00:13.030 WARN  [restartedMain] com.amazonaws.util.VersionInfoUtils - The AWS SDK for Java 1.x entered maintenance mode starting July 31, 2024 and will reach end of support on December 31, 2025. For more information, see https://aws.amazon.com/blogs/developer/the-aws-sdk-for-java-1-x-is-in-maintenance-mode-effective-july-31-2024/
You can print where on the file system the AWS SDK for Java 1.x core runtime is located by setting the AWS_JAVA_V1_PRINT_LOCATION environment variable or aws.java.v1.printLocation system property to 'true'.
This message can be disabled by setting the AWS_JAVA_V1_DISABLE_DEPRECATION_ANNOUNCEMENT environment variable or aws.java.v1.disableDeprecationAnnouncement system property to 'true'.
The AWS SDK for Java 1.x is being used here:
at java.base/java.lang.Thread.getStackTrace(Thread.java:2450)
at com.amazonaws.util.VersionInfoUtils.printDeprecationAnnouncement(VersionInfoUtils.java:81)
at com.amazonaws.util.VersionInfoUtils.<clinit>(VersionInfoUtils.java:59)
at com.amazonaws.internal.EC2ResourceFetcher.<clinit>(EC2ResourceFetcher.java:44)
at com.amazonaws.auth.InstanceMetadataServiceCredentialsFetcher.<init>(InstanceMetadataServiceCredentialsFetcher.java:38)
at com.amazonaws.auth.InstanceProfileCredentialsProvider.<init>(InstanceProfileCredentialsProvider.java:111)
at com.amazonaws.auth.InstanceProfileCredentialsProvider.<init>(InstanceProfileCredentialsProvider.java:91)
at com.amazonaws.auth.InstanceProfileCredentialsProvider.<init>(InstanceProfileCredentialsProvider.java:75)
at com.amazonaws.auth.InstanceProfileCredentialsProvider.<clinit>(InstanceProfileCredentialsProvider.java:58)
at com.amazonaws.auth.EC2ContainerCredentialsProviderWrapper.initializeProvider(EC2ContainerCredentialsProviderWrapper.java:66)
at com.amazonaws.auth.EC2ContainerCredentialsProviderWrapper.<init>(EC2ContainerCredentialsProviderWrapper.java:55)
at com.amazonaws.auth.DefaultAWSCredentialsProviderChain.<init>(DefaultAWSCredentialsProviderChain.java:60)
at com.amazonaws.auth.DefaultAWSCredentialsProviderChain.<clinit>(DefaultAWSCredentialsProviderChain.java:54)
at com.amazonaws.services.s3.AmazonS3ClientBuilder.standard(AmazonS3ClientBuilder.java:46)
at com.simplon_project.skillhub.skillhub.storage.config.s3.AmazonS3Config.amazonS3(AmazonS3Config.java:49)
at com.simplon_project.skillhub.skillhub.storage.config.s3.AmazonS3Config$$SpringCGLIB$$0.CGLIB$amazonS3$0(<generated>)
at com.simplon_project.skillhub.skillhub.storage.config.s3.AmazonS3Config$$SpringCGLIB$$FastClass$$1.invoke(<generated>)
at org.springframework.cglib.proxy.MethodProxy.invokeSuper(MethodProxy.java:258)
at org.springframework.context.annotation.ConfigurationClassEnhancer$BeanMethodInterceptor.intercept(ConfigurationClassEnhancer.java:348)
at com.simplon_project.skillhub.skillhub.storage.config.s3.AmazonS3Config$$SpringCGLIB$$0.amazonS3(<generated>)
at java.base/jdk.internal.reflect.DirectMethodHandleAccessor.invoke(DirectMethodHandleAccessor.java:103)
at java.base/java.lang.reflect.Method.invoke(Method.java:580)
at org.springframework.beans.factory.support.SimpleInstantiationStrategy.lambda$instantiate$0(SimpleInstantiationStrategy.java:171)
at org.springframework.beans.factory.support.SimpleInstantiationStrategy.instantiateWithFactoryMethod(SimpleInstantiationStrategy.java:88)
at org.springframework.beans.factory.support.SimpleInstantiationStrategy.instantiate(SimpleInstantiationStrategy.java:168)
at org.springframework.beans.factory.support.ConstructorResolver.instantiate(ConstructorResolver.java:653)
at org.springframework.beans.factory.support.ConstructorResolver.instantiateUsingFactoryMethod(ConstructorResolver.java:489)
at org.springframework.beans.factory.support.AbstractAutowireCapableBeanFactory.instantiateUsingFactoryMethod(AbstractAutowireCapableBeanFactory.java:1361)
at org.springframework.beans.factory.support.AbstractAutowireCapableBeanFactory.createBeanInstance(AbstractAutowireCapableBeanFactory.java:1191)
at org.springframework.beans.factory.support.AbstractAutowireCapableBeanFactory.doCreateBean(AbstractAutowireCapableBeanFactory.java:563)
at org.springframework.beans.factory.support.AbstractAutowireCapableBeanFactory.createBean(AbstractAutowireCapableBeanFactory.java:523)
at org.springframework.beans.factory.support.AbstractBeanFactory.lambda$doGetBean$0(AbstractBeanFactory.java:336)
at org.springframework.beans.factory.support.DefaultSingletonBeanRegistry.getSingleton(DefaultSingletonBeanRegistry.java:307)
at org.springframework.beans.factory.support.AbstractBeanFactory.doGetBean(AbstractBeanFactory.java:334)
at org.springframework.beans.factory.support.AbstractBeanFactory.getBean(AbstractBeanFactory.java:199)
at org.springframework.beans.factory.config.DependencyDescriptor.resolveCandidate(DependencyDescriptor.java:254)
at org.springframework.beans.factory.support.DefaultListableBeanFactory.doResolveDependency(DefaultListableBeanFactory.java:1631)
at org.springframework.beans.factory.support.DefaultListableBeanFactory.resolveDependency(DefaultListableBeanFactory.java:1519)
at org.springframework.beans.factory.support.ConstructorResolver.resolveAutowiredArgument(ConstructorResolver.java:913)
at org.springframework.beans.factory.support.ConstructorResolver.createArgumentArray(ConstructorResolver.java:791)
at org.springframework.beans.factory.support.ConstructorResolver.autowireConstructor(ConstructorResolver.java:240)
at org.springframework.beans.factory.support.AbstractAutowireCapableBeanFactory.autowireConstructor(AbstractAutowireCapableBeanFactory.java:1381)
at org.springframework.beans.factory.support.AbstractAutowireCapableBeanFactory.createBeanInstance(AbstractAutowireCapableBeanFactory.java:1218)
at org.springframework.beans.factory.support.AbstractAutowireCapableBeanFactory.doCreateBean(AbstractAutowireCapableBeanFactory.java:563)
at org.springframework.beans.factory.support.AbstractAutowireCapableBeanFactory.createBean(AbstractAutowireCapableBeanFactory.java:523)
at org.springframework.beans.factory.support.AbstractBeanFactory.lambda$doGetBean$0(AbstractBeanFactory.java:336)
at org.springframework.beans.factory.support.DefaultSingletonBeanRegistry.getSingleton(DefaultSingletonBeanRegistry.java:307)
at org.springframework.beans.factory.support.AbstractBeanFactory.doGetBean(AbstractBeanFactory.java:334)
at org.springframework.beans.factory.support.AbstractBeanFactory.getBean(AbstractBeanFactory.java:199)
at org.springframework.beans.factory.config.DependencyDescriptor.resolveCandidate(DependencyDescriptor.java:254)
at org.springframework.beans.factory.support.DefaultListableBeanFactory.doResolveDependency(DefaultListableBeanFactory.java:1631)
at org.springframework.beans.factory.support.DefaultListableBeanFactory.resolveDependency(DefaultListableBeanFactory.java:1519)
at org.springframework.beans.factory.support.ConstructorResolver.resolveAutowiredArgument(ConstructorResolver.java:913)
at org.springframework.beans.factory.support.ConstructorResolver.createArgumentArray(ConstructorResolver.java:791)
at org.springframework.beans.factory.support.ConstructorResolver.autowireConstructor(ConstructorResolver.java:240)
at org.springframework.beans.factory.support.AbstractAutowireCapableBeanFactory.autowireConstructor(AbstractAutowireCapableBeanFactory.java:1381)
at org.springframework.beans.factory.support.AbstractAutowireCapableBeanFactory.createBeanInstance(AbstractAutowireCapableBeanFactory.java:1218)
at org.springframework.beans.factory.support.AbstractAutowireCapableBeanFactory.doCreateBean(AbstractAutowireCapableBeanFactory.java:563)
at org.springframework.beans.factory.support.AbstractAutowireCapableBeanFactory.createBean(AbstractAutowireCapableBeanFactory.java:523)
at org.springframework.beans.factory.support.AbstractBeanFactory.lambda$doGetBean$0(AbstractBeanFactory.java:336)
at org.springframework.beans.factory.support.DefaultSingletonBeanRegistry.getSingleton(DefaultSingletonBeanRegistry.java:307)
at org.springframework.beans.factory.support.AbstractBeanFactory.doGetBean(AbstractBeanFactory.java:334)
at org.springframework.beans.factory.support.AbstractBeanFactory.getBean(AbstractBeanFactory.java:199)
at org.springframework.beans.factory.config.DependencyDescriptor.resolveCandidate(DependencyDescriptor.java:254)
at org.springframework.beans.factory.support.DefaultListableBeanFactory.doResolveDependency(DefaultListableBeanFactory.java:1631)
at org.springframework.beans.factory.support.DefaultListableBeanFactory.resolveDependency(DefaultListableBeanFactory.java:1519)
at org.springframework.beans.factory.support.ConstructorResolver.resolveAutowiredArgument(ConstructorResolver.java:913)
at org.springframework.beans.factory.support.ConstructorResolver.createArgumentArray(ConstructorResolver.java:791)
at org.springframework.beans.factory.support.ConstructorResolver.autowireConstructor(ConstructorResolver.java:240)
at org.springframework.beans.factory.support.AbstractAutowireCapableBeanFactory.autowireConstructor(AbstractAutowireCapableBeanFactory.java:1381)
at org.springframework.beans.factory.support.AbstractAutowireCapableBeanFactory.createBeanInstance(AbstractAutowireCapableBeanFactory.java:1218)
at org.springframework.beans.factory.support.AbstractAutowireCapableBeanFactory.doCreateBean(AbstractAutowireCapableBeanFactory.java:563)
at org.springframework.beans.factory.support.AbstractAutowireCapableBeanFactory.createBean(AbstractAutowireCapableBeanFactory.java:523)
at org.springframework.beans.factory.support.AbstractBeanFactory.lambda$doGetBean$0(AbstractBeanFactory.java:336)
at org.springframework.beans.factory.support.DefaultSingletonBeanRegistry.getSingleton(DefaultSingletonBeanRegistry.java:307)
at org.springframework.beans.factory.support.AbstractBeanFactory.doGetBean(AbstractBeanFactory.java:334)
at org.springframework.beans.factory.support.AbstractBeanFactory.getBean(AbstractBeanFactory.java:199)
at org.springframework.beans.factory.support.DefaultListableBeanFactory.instantiateSingleton(DefaultListableBeanFactory.java:1122)
at org.springframework.beans.factory.support.DefaultListableBeanFactory.preInstantiateSingleton(DefaultListableBeanFactory.java:1093)
at org.springframework.beans.factory.support.DefaultListableBeanFactory.preInstantiateSingletons(DefaultListableBeanFactory.java:1030)
at org.springframework.context.support.AbstractApplicationContext.finishBeanFactoryInitialization(AbstractApplicationContext.java:987)
at org.springframework.context.support.AbstractApplicationContext.refresh(AbstractApplicationContext.java:627)
at org.springframework.boot.web.servlet.context.ServletWebServerApplicationContext.refresh(ServletWebServerApplicationContext.java:146)
at org.springframework.boot.SpringApplication.refresh(SpringApplication.java:752)
at org.springframework.boot.SpringApplication.refreshContext(SpringApplication.java:439)
at org.springframework.boot.SpringApplication.run(SpringApplication.java:318)
at org.springframework.boot.SpringApplication.run(SpringApplication.java:1361)
at org.springframework.boot.SpringApplication.run(SpringApplication.java:1350)
at com.simplon_project.skillhub.skillhub.SkillhubApplication.main(SkillhubApplication.java:14)
at java.base/jdk.internal.reflect.DirectMethodHandleAccessor.invoke(DirectMethodHandleAccessor.java:103)
at java.base/java.lang.reflect.Method.invoke(Method.java:580)
at org.springframework.boot.devtools.restart.RestartLauncher.run(RestartLauncher.java:50)
2025-11-03 13:00:14.880 WARN  [restartedMain] o.s.b.a.s.s.UserDetailsServiceAutoConfiguration - 

Using generated security password: 687d93a0-4e9a-4443-a446-67a0d7293aa5

This generated password is for development use only. Your security configuration must be updated before running your application in production.

2025-11-03 13:00:14.920 INFO  [restartedMain] o.s.s.c.a.a.c.InitializeUserDetailsBeanManagerConfigurer$InitializeUserDetailsManagerConfigurer - Global AuthenticationManager configured with UserDetailsService bean with name inMemoryUserDetailsManager
2025-11-03 13:00:16.576 INFO  [restartedMain] o.s.b.a.e.web.EndpointLinksResolver - Exposing 3 endpoints beneath base path '/actuator'
2025-11-03 13:00:18.142 INFO  [restartedMain] o.s.b.a.h.H2ConsoleAutoConfiguration - H2 console available at '/h2-console'. Databases available at 'jdbc:postgresql://localhost:5433/course_service', 'jdbc:postgresql://localhost:5434/storage_service'
2025-11-03 13:00:18.501 WARN  [restartedMain] o.s.b.d.a.OptionalLiveReloadServer - Unable to start LiveReload server
2025-11-03 13:00:19.562 INFO  [restartedMain] o.s.cloud.commons.util.InetUtils - Cannot determine local hostname
2025-11-03 13:00:19.838 DEBUG [restartedMain] o.s.a.r.l.a.MessagingMessageListenerAdapter - Inferred argument type for public void com.simplon_project.skillhub.skillhub.course.adapter.messaging.listeners.VideoMetadataExtractListener.handle(com.simplon_project.skillhub.skillhub.course.adapter.messaging.events.VideoMetadataExtractedEvent) is class com.simplon_project.skillhub.skillhub.course.adapter.messaging.events.VideoMetadataExtractedEvent
2025-11-03 13:00:19.865 DEBUG [restartedMain] o.s.a.r.l.SimpleMessageListenerContainer - No global properties bean
2025-11-03 13:00:19.866 DEBUG [restartedMain] o.s.a.r.l.SimpleMessageListenerContainer - No global properties bean
2025-11-03 13:00:19.868 DEBUG [restartedMain] o.s.a.r.l.a.MessagingMessageListenerAdapter - Inferred argument type for public void com.simplon_project.skillhub.skillhub.course.adapter.messaging.listeners.VideoUploadedListener.handle(com.simplon_project.skillhub.skillhub.course.adapter.messaging.events.VideoUploadedEvent) is class com.simplon_project.skillhub.skillhub.course.adapter.messaging.events.VideoUploadedEvent
2025-11-03 13:00:19.868 DEBUG [restartedMain] o.s.a.r.l.SimpleMessageListenerContainer - No global properties bean
2025-11-03 13:00:19.869 DEBUG [restartedMain] o.s.a.r.l.SimpleMessageListenerContainer - No global properties bean
2025-11-03 13:00:20.018 INFO  [restartedMain] o.a.coyote.http11.Http11NioProtocol - Starting ProtocolHandler ["http-nio-10020"]
2025-11-03 13:00:20.072 INFO  [restartedMain] o.s.b.w.e.tomcat.TomcatWebServer - Tomcat started on port 10020 (http) with context path '/'
2025-11-03 13:00:21.089 INFO  [restartedMain] o.s.cloud.commons.util.InetUtils - Cannot determine local hostname
2025-11-03 13:00:21.090 DEBUG [restartedMain] o.s.a.r.l.SimpleMessageListenerContainer - Starting Rabbit listener container.
2025-11-03 13:00:21.095 INFO  [restartedMain] o.s.a.r.c.CachingConnectionFactory - Attempting to connect to: localhost:5672
2025-11-03 13:00:21.124 DEBUG [restartedMain] c.r.client.impl.ConsumerWorkService - Creating executor service with 8 thread(s) for consumer work service
2025-11-03 13:00:21.240 INFO  [restartedMain] o.s.a.r.c.CachingConnectionFactory - Created new connection: courseConnectionFactory#78406a63:0/SimpleConnection@48f1e743 [delegate=amqp://admin@127.0.0.1:5672/, localPort=50807]
2025-11-03 13:00:21.249 DEBUG [restartedMain] o.s.amqp.rabbit.core.RabbitAdmin - Initializing declarations
2025-11-03 13:00:21.269 DEBUG [restartedMain] o.s.a.r.c.CachingConnectionFactory - Creating cached Rabbit Channel from AMQChannel(amqp://admin@127.0.0.1:5672/,1)
2025-11-03 13:00:21.291 DEBUG [restartedMain] o.s.amqp.rabbit.core.RabbitTemplate - Executing callback RabbitAdmin$$Lambda/0x0000028550f03b30 on RabbitMQ Channel: Cached Rabbit Channel: AMQChannel(amqp://admin@127.0.0.1:5672/,1), conn: Proxy@50e44c9e Shared Rabbit Connection: SimpleConnection@48f1e743 [delegate=amqp://admin@127.0.0.1:5672/, localPort=50807]
2025-11-03 13:00:21.291 DEBUG [restartedMain] o.s.amqp.rabbit.core.RabbitAdmin - declaring Exchange 'course.events'
2025-11-03 13:00:21.302 DEBUG [restartedMain] o.s.amqp.rabbit.core.RabbitAdmin - declaring Exchange 'course.events'
2025-11-03 13:00:21.304 DEBUG [restartedMain] o.s.amqp.rabbit.core.RabbitAdmin - declaring Queue 'course.media.uploaded.queue'
2025-11-03 13:00:21.313 DEBUG [restartedMain] o.s.amqp.rabbit.core.RabbitAdmin - declaring Queue 'course.media.metadata.extracted.queue'
2025-11-03 13:00:21.315 DEBUG [restartedMain] o.s.amqp.rabbit.core.RabbitAdmin - declaring Queue 'course.media.uploaded.queue'
2025-11-03 13:00:21.319 DEBUG [restartedMain] o.s.amqp.rabbit.core.RabbitAdmin - declaring Queue 'course.media.metadata.extracted.queue'
2025-11-03 13:00:21.325 DEBUG [restartedMain] o.s.amqp.rabbit.core.RabbitAdmin - Binding destination [course.media.uploaded.queue (QUEUE)] to exchange [course.events] with routing key [course.media.uploaded.v1]
2025-11-03 13:00:21.331 DEBUG [restartedMain] o.s.amqp.rabbit.core.RabbitAdmin - Binding destination [course.media.metadata.extracted.queue (QUEUE)] to exchange [course.events] with routing key [course.media.metadata.extracted.v1]
2025-11-03 13:00:21.334 DEBUG [restartedMain] o.s.amqp.rabbit.core.RabbitAdmin - Binding destination [course.media.uploaded.queue (QUEUE)] to exchange [course.events] with routing key [course.media.uploaded.v1]
2025-11-03 13:00:21.337 DEBUG [restartedMain] o.s.amqp.rabbit.core.RabbitAdmin - Binding destination [course.media.metadata.extracted.queue (QUEUE)] to exchange [course.events] with routing key [course.media.metadata.extracted.v1]
2025-11-03 13:00:21.344 DEBUG [restartedMain] o.s.amqp.rabbit.core.RabbitAdmin - Declarations finished
2025-11-03 13:00:21.360 DEBUG [org.springframework.amqp.rabbit.RabbitListenerEndpointContainer#0-1] o.s.amqp.rabbit.core.RabbitTemplate - Executing callback RabbitAdmin$$Lambda/0x0000028550f0d240 on RabbitMQ Channel: Cached Rabbit Channel: AMQChannel(amqp://admin@127.0.0.1:5672/,1), conn: Proxy@50e44c9e Shared Rabbit Connection: SimpleConnection@48f1e743 [delegate=amqp://admin@127.0.0.1:5672/, localPort=50807]
2025-11-03 13:00:21.364 DEBUG [org.springframework.amqp.rabbit.RabbitListenerEndpointContainer#0-1] o.s.amqp.rabbit.core.RabbitTemplate - Executing callback RabbitAdmin$$Lambda/0x0000028550f0d240 on RabbitMQ Channel: Cached Rabbit Channel: AMQChannel(amqp://admin@127.0.0.1:5672/,1), conn: Proxy@50e44c9e Shared Rabbit Connection: SimpleConnection@48f1e743 [delegate=amqp://admin@127.0.0.1:5672/, localPort=50807]
2025-11-03 13:00:21.372 DEBUG [org.springframework.amqp.rabbit.RabbitListenerEndpointContainer#0-1] o.s.a.r.l.BlockingQueueConsumer - Starting consumer Consumer@4e3c5109: tags=[[]], channel=null, acknowledgeMode=AUTO local queue size=0
2025-11-03 13:00:21.402 DEBUG [org.springframework.amqp.rabbit.RabbitListenerEndpointContainer#0-1] o.s.a.r.l.BlockingQueueConsumer - Started on queue 'course.media.metadata.extracted.queue' with tag amq.ctag-aFLNgJDtDjgHR-RfTAuB2Q: Consumer@4e3c5109: tags=[[]], channel=Cached Rabbit Channel: AMQChannel(amqp://admin@127.0.0.1:5672/,1), conn: Proxy@50e44c9e Shared Rabbit Connection: SimpleConnection@48f1e743 [delegate=amqp://admin@127.0.0.1:5672/, localPort=50807], acknowledgeMode=AUTO local queue size=0
2025-11-03 13:00:21.402 DEBUG [pool-2-thread-3] o.s.a.r.l.BlockingQueueConsumer - ConsumeOK: Consumer@4e3c5109: tags=[[amq.ctag-aFLNgJDtDjgHR-RfTAuB2Q]], channel=Cached Rabbit Channel: AMQChannel(amqp://admin@127.0.0.1:5672/,1), conn: Proxy@50e44c9e Shared Rabbit Connection: SimpleConnection@48f1e743 [delegate=amqp://admin@127.0.0.1:5672/, localPort=50807], acknowledgeMode=AUTO local queue size=0
2025-11-03 13:00:21.403 DEBUG [restartedMain] o.s.a.r.l.SimpleMessageListenerContainer - Starting Rabbit listener container.
2025-11-03 13:00:21.409 DEBUG [org.springframework.amqp.rabbit.RabbitListenerEndpointContainer#1-1] o.s.a.r.c.CachingConnectionFactory - Creating cached Rabbit Channel from AMQChannel(amqp://admin@127.0.0.1:5672/,2)
2025-11-03 13:00:21.411 DEBUG [org.springframework.amqp.rabbit.RabbitListenerEndpointContainer#1-1] o.s.amqp.rabbit.core.RabbitTemplate - Executing callback RabbitAdmin$$Lambda/0x0000028550f0d240 on RabbitMQ Channel: Cached Rabbit Channel: AMQChannel(amqp://admin@127.0.0.1:5672/,2), conn: Proxy@50e44c9e Shared Rabbit Connection: SimpleConnection@48f1e743 [delegate=amqp://admin@127.0.0.1:5672/, localPort=50807]
2025-11-03 13:00:21.414 DEBUG [org.springframework.amqp.rabbit.RabbitListenerEndpointContainer#1-1] o.s.amqp.rabbit.core.RabbitTemplate - Executing callback RabbitAdmin$$Lambda/0x0000028550f0d240 on RabbitMQ Channel: Cached Rabbit Channel: AMQChannel(amqp://admin@127.0.0.1:5672/,2), conn: Proxy@50e44c9e Shared Rabbit Connection: SimpleConnection@48f1e743 [delegate=amqp://admin@127.0.0.1:5672/, localPort=50807]
2025-11-03 13:00:21.417 DEBUG [org.springframework.amqp.rabbit.RabbitListenerEndpointContainer#1-1] o.s.a.r.l.BlockingQueueConsumer - Starting consumer Consumer@5fe3c059: tags=[[]], channel=null, acknowledgeMode=AUTO local queue size=0
2025-11-03 13:00:21.430 DEBUG [org.springframework.amqp.rabbit.RabbitListenerEndpointContainer#1-1] o.s.a.r.l.BlockingQueueConsumer - Started on queue 'course.media.uploaded.queue' with tag amq.ctag-UuigoUwtAyPxJ3X5wufSwA: Consumer@5fe3c059: tags=[[]], channel=Cached Rabbit Channel: AMQChannel(amqp://admin@127.0.0.1:5672/,2), conn: Proxy@50e44c9e Shared Rabbit Connection: SimpleConnection@48f1e743 [delegate=amqp://admin@127.0.0.1:5672/, localPort=50807], acknowledgeMode=AUTO local queue size=0
2025-11-03 13:00:21.431 DEBUG [pool-2-thread-4] o.s.a.r.l.BlockingQueueConsumer - ConsumeOK: Consumer@5fe3c059: tags=[[amq.ctag-UuigoUwtAyPxJ3X5wufSwA]], channel=Cached Rabbit Channel: AMQChannel(amqp://admin@127.0.0.1:5672/,2), conn: Proxy@50e44c9e Shared Rabbit Connection: SimpleConnection@48f1e743 [delegate=amqp://admin@127.0.0.1:5672/, localPort=50807], acknowledgeMode=AUTO local queue size=0
2025-11-03 13:00:21.542 INFO  [restartedMain] c.s.s.skillhub.SkillhubApplication - Started SkillhubApplication in 27.375 seconds (process running for 30.661)
2025-11-03 13:00:21.567 INFO  [restartedMain] c.s.s.skillhub.config.Configuration - 
=====================================================================

    Base Url: http://localhost:10020/

    Swagger Url: http://localhost:10020/swagger-ui/index.html

   Health Url: http://localhost:10020/actuator/health

=====================================================================
2025-11-03 13:00:21.568 INFO  [restartedMain] c.s.s.skillhub.SkillhubApplication - ✅ Application démarrée — test création du fichier de log
2025-11-03 13:00:21.688 INFO  [http-nio-10020-exec-1] o.a.c.c.C.[Tomcat].[localhost].[/] - Initializing Spring DispatcherServlet 'dispatcherServlet'
2025-11-03 13:00:21.689 INFO  [http-nio-10020-exec-1] o.s.web.servlet.DispatcherServlet - Initializing Servlet 'dispatcherServlet'
2025-11-03 13:00:21.695 INFO  [http-nio-10020-exec-1] o.s.web.servlet.DispatcherServlet - Completed initialization in 6 ms
2025-11-03 13:00:30.473 ERROR [http-nio-10020-exec-3] o.z.p.spring.common.AdviceTraits - Internal Server Error
org.springframework.web.servlet.resource.NoResourceFoundException: No static resource course.
	at org.springframework.web.servlet.resource.ResourceHttpRequestHandler.handleRequest(ResourceHttpRequestHandler.java:585)
	at org.springframework.web.servlet.mvc.HttpRequestHandlerAdapter.handle(HttpRequestHandlerAdapter.java:52)
	at org.springframework.web.servlet.DispatcherServlet.doDispatch(DispatcherServlet.java:1088)
	at org.springframework.web.servlet.DispatcherServlet.doService(DispatcherServlet.java:978)
	at org.springframework.web.servlet.FrameworkServlet.processRequest(FrameworkServlet.java:1014)
	at org.springframework.web.servlet.FrameworkServlet.doPost(FrameworkServlet.java:914)
	at jakarta.servlet.http.HttpServlet.service(HttpServlet.java:590)
	at org.springframework.web.servlet.FrameworkServlet.service(FrameworkServlet.java:885)
	at jakarta.servlet.http.HttpServlet.service(HttpServlet.java:658)
	at org.apache.catalina.core.ApplicationFilterChain.internalDoFilter(ApplicationFilterChain.java:195)
	at org.apache.catalina.core.ApplicationFilterChain.doFilter(ApplicationFilterChain.java:140)
	at org.apache.tomcat.websocket.server.WsFilter.doFilter(WsFilter.java:51)
	at org.apache.catalina.core.ApplicationFilterChain.internalDoFilter(ApplicationFilterChain.java:164)
	at org.apache.catalina.core.ApplicationFilterChain.doFilter(ApplicationFilterChain.java:140)
	at org.springframework.web.filter.CompositeFilter$VirtualFilterChain.doFilter(CompositeFilter.java:108)
	at org.springframework.security.web.FilterChainProxy.lambda$doFilterInternal$3(FilterChainProxy.java:231)
	at org.springframework.security.web.ObservationFilterChainDecorator$FilterObservation$SimpleFilterObservation.lambda$wrap$1(ObservationFilterChainDecorator.java:479)
	at org.springframework.security.web.ObservationFilterChainDecorator$AroundFilterObservation$SimpleAroundFilterObservation.lambda$wrap$1(ObservationFilterChainDecorator.java:340)
	at org.springframework.security.web.ObservationFilterChainDecorator.lambda$wrapSecured$0(ObservationFilterChainDecorator.java:82)
	at org.springframework.security.web.ObservationFilterChainDecorator$VirtualFilterChain.doFilter(ObservationFilterChainDecorator.java:128)
	at org.springframework.security.web.access.intercept.AuthorizationFilter.doFilter(AuthorizationFilter.java:101)
	at org.springframework.security.web.ObservationFilterChainDecorator$ObservationFilter.wrapFilter(ObservationFilterChainDecorator.java:240)
	at org.springframework.security.web.ObservationFilterChainDecorator$ObservationFilter.doFilter(ObservationFilterChainDecorator.java:227)
	at org.springframework.security.web.ObservationFilterChainDecorator$VirtualFilterChain.doFilter(ObservationFilterChainDecorator.java:137)
	at org.springframework.security.web.access.ExceptionTranslationFilter.doFilter(ExceptionTranslationFilter.java:126)
	at org.springframework.security.web.access.ExceptionTranslationFilter.doFilter(ExceptionTranslationFilter.java:120)
	at org.springframework.security.web.ObservationFilterChainDecorator$ObservationFilter.wrapFilter(ObservationFilterChainDecorator.java:240)
	at org.springframework.security.web.ObservationFilterChainDecorator$ObservationFilter.doFilter(ObservationFilterChainDecorator.java:227)
	at org.springframework.security.web.ObservationFilterChainDecorator$VirtualFilterChain.doFilter(ObservationFilterChainDecorator.java:137)
	at org.springframework.security.web.authentication.AnonymousAuthenticationFilter.doFilter(AnonymousAuthenticationFilter.java:100)
	at org.springframework.security.web.ObservationFilterChainDecorator$ObservationFilter.wrapFilter(ObservationFilterChainDecorator.java:240)
	at org.springframework.security.web.ObservationFilterChainDecorator$ObservationFilter.doFilter(ObservationFilterChainDecorator.java:227)
	at org.springframework.security.web.ObservationFilterChainDecorator$VirtualFilterChain.doFilter(ObservationFilterChainDecorator.java:137)
	at org.springframework.security.web.servletapi.SecurityContextHolderAwareRequestFilter.doFilter(SecurityContextHolderAwareRequestFilter.java:179)
	at org.springframework.security.web.ObservationFilterChainDecorator$ObservationFilter.wrapFilter(ObservationFilterChainDecorator.java:240)
	at org.springframework.security.web.ObservationFilterChainDecorator$ObservationFilter.doFilter(ObservationFilterChainDecorator.java:227)
	at org.springframework.security.web.ObservationFilterChainDecorator$VirtualFilterChain.doFilter(ObservationFilterChainDecorator.java:137)
	at org.springframework.security.web.savedrequest.RequestCacheAwareFilter.doFilter(RequestCacheAwareFilter.java:63)
	at org.springframework.security.web.ObservationFilterChainDecorator$ObservationFilter.wrapFilter(ObservationFilterChainDecorator.java:240)
	at org.springframework.security.web.ObservationFilterChainDecorator$ObservationFilter.doFilter(ObservationFilterChainDecorator.java:227)
	at org.springframework.security.web.ObservationFilterChainDecorator$VirtualFilterChain.doFilter(ObservationFilterChainDecorator.java:137)
	at org.springframework.security.web.authentication.logout.LogoutFilter.doFilter(LogoutFilter.java:107)
	at org.springframework.security.web.authentication.logout.LogoutFilter.doFilter(LogoutFilter.java:93)
	at org.springframework.security.web.ObservationFilterChainDecorator$ObservationFilter.wrapFilter(ObservationFilterChainDecorator.java:240)
	at org.springframework.security.web.ObservationFilterChainDecorator$ObservationFilter.doFilter(ObservationFilterChainDecorator.java:227)
	at org.springframework.security.web.ObservationFilterChainDecorator$VirtualFilterChain.doFilter(ObservationFilterChainDecorator.java:137)
	at org.springframework.web.filter.CorsFilter.doFilterInternal(CorsFilter.java:91)
	at org.springframework.web.filter.OncePerRequestFilter.doFilter(OncePerRequestFilter.java:116)
	at org.springframework.security.web.ObservationFilterChainDecorator$ObservationFilter.wrapFilter(ObservationFilterChainDecorator.java:240)
	at org.springframework.security.web.ObservationFilterChainDecorator$ObservationFilter.doFilter(ObservationFilterChainDecorator.java:227)
	at org.springframework.security.web.ObservationFilterChainDecorator$VirtualFilterChain.doFilter(ObservationFilterChainDecorator.java:137)
	at org.springframework.security.web.header.HeaderWriterFilter.doHeadersAfter(HeaderWriterFilter.java:90)
	at org.springframework.security.web.header.HeaderWriterFilter.doFilterInternal(HeaderWriterFilter.java:75)
	at org.springframework.web.filter.OncePerRequestFilter.doFilter(OncePerRequestFilter.java:116)
	at org.springframework.security.web.ObservationFilterChainDecorator$ObservationFilter.wrapFilter(ObservationFilterChainDecorator.java:240)
	at org.springframework.security.web.ObservationFilterChainDecorator$ObservationFilter.doFilter(ObservationFilterChainDecorator.java:227)
	at org.springframework.security.web.ObservationFilterChainDecorator$VirtualFilterChain.doFilter(ObservationFilterChainDecorator.java:137)
	at org.springframework.security.web.context.SecurityContextHolderFilter.doFilter(SecurityContextHolderFilter.java:82)
	at org.springframework.security.web.context.SecurityContextHolderFilter.doFilter(SecurityContextHolderFilter.java:69)
	at org.springframework.security.web.ObservationFilterChainDecorator$ObservationFilter.wrapFilter(ObservationFilterChainDecorator.java:240)
	at org.springframework.security.web.ObservationFilterChainDecorator$ObservationFilter.doFilter(ObservationFilterChainDecorator.java:227)
	at org.springframework.security.web.ObservationFilterChainDecorator$VirtualFilterChain.doFilter(ObservationFilterChainDecorator.java:137)
	at org.springframework.security.web.context.request.async.WebAsyncManagerIntegrationFilter.doFilterInternal(WebAsyncManagerIntegrationFilter.java:62)
	at org.springframework.web.filter.OncePerRequestFilter.doFilter(OncePerRequestFilter.java:116)
	at org.springframework.security.web.ObservationFilterChainDecorator$ObservationFilter.wrapFilter(ObservationFilterChainDecorator.java:240)
	at org.springframework.security.web.ObservationFilterChainDecorator$ObservationFilter.doFilter(ObservationFilterChainDecorator.java:227)
	at org.springframework.security.web.ObservationFilterChainDecorator$VirtualFilterChain.doFilter(ObservationFilterChainDecorator.java:137)
	at org.springframework.security.web.session.DisableEncodeUrlFilter.doFilterInternal(DisableEncodeUrlFilter.java:42)
	at org.springframework.web.filter.OncePerRequestFilter.doFilter(OncePerRequestFilter.java:116)
	at org.springframework.security.web.ObservationFilterChainDecorator$ObservationFilter.wrapFilter(ObservationFilterChainDecorator.java:240)
	at org.springframework.security.web.ObservationFilterChainDecorator$AroundFilterObservation$SimpleAroundFilterObservation.lambda$wrap$0(ObservationFilterChainDecorator.java:323)
	at org.springframework.security.web.ObservationFilterChainDecorator$ObservationFilter.doFilter(ObservationFilterChainDecorator.java:224)
	at org.springframework.security.web.ObservationFilterChainDecorator$VirtualFilterChain.doFilter(ObservationFilterChainDecorator.java:137)
	at org.springframework.security.web.FilterChainProxy.doFilterInternal(FilterChainProxy.java:233)
	at org.springframework.security.web.FilterChainProxy.doFilter(FilterChainProxy.java:191)
	at org.springframework.web.filter.CompositeFilter$VirtualFilterChain.doFilter(CompositeFilter.java:113)
	at org.springframework.web.servlet.handler.HandlerMappingIntrospector.lambda$createCacheFilter$3(HandlerMappingIntrospector.java:243)
	at org.springframework.web.filter.CompositeFilter$VirtualFilterChain.doFilter(CompositeFilter.java:113)
	at org.springframework.web.filter.CompositeFilter.doFilter(CompositeFilter.java:74)
	at org.springframework.security.config.annotation.web.configuration.WebMvcSecurityConfiguration$CompositeFilterChainProxy.doFilter(WebMvcSecurityConfiguration.java:238)
	at org.springframework.web.filter.DelegatingFilterProxy.invokeDelegate(DelegatingFilterProxy.java:362)
	at org.springframework.web.filter.DelegatingFilterProxy.doFilter(DelegatingFilterProxy.java:278)
	at org.apache.catalina.core.ApplicationFilterChain.internalDoFilter(ApplicationFilterChain.java:164)
	at org.apache.catalina.core.ApplicationFilterChain.doFilter(ApplicationFilterChain.java:140)
	at org.springframework.web.filter.RequestContextFilter.doFilterInternal(RequestContextFilter.java:100)
	at org.springframework.web.filter.OncePerRequestFilter.doFilter(OncePerRequestFilter.java:116)
	at org.apache.catalina.core.ApplicationFilterChain.internalDoFilter(ApplicationFilterChain.java:164)
	at org.apache.catalina.core.ApplicationFilterChain.doFilter(ApplicationFilterChain.java:140)
	at org.springframework.web.filter.FormContentFilter.doFilterInternal(FormContentFilter.java:93)
	at org.springframework.web.filter.OncePerRequestFilter.doFilter(OncePerRequestFilter.java:116)
	at org.apache.catalina.core.ApplicationFilterChain.internalDoFilter(ApplicationFilterChain.java:164)
	at org.apache.catalina.core.ApplicationFilterChain.doFilter(ApplicationFilterChain.java:140)
	at org.springframework.web.filter.ServerHttpObservationFilter.doFilterInternal(ServerHttpObservationFilter.java:114)
	at org.springframework.web.filter.OncePerRequestFilter.doFilter(OncePerRequestFilter.java:116)
	at org.apache.catalina.core.ApplicationFilterChain.internalDoFilter(ApplicationFilterChain.java:164)
	at org.apache.catalina.core.ApplicationFilterChain.doFilter(ApplicationFilterChain.java:140)
	at org.springframework.web.filter.CharacterEncodingFilter.doFilterInternal(CharacterEncodingFilter.java:201)
	at org.springframework.web.filter.OncePerRequestFilter.doFilter(OncePerRequestFilter.java:116)
	at org.apache.catalina.core.ApplicationFilterChain.internalDoFilter(ApplicationFilterChain.java:164)
	at org.apache.catalina.core.ApplicationFilterChain.doFilter(ApplicationFilterChain.java:140)
	at org.apache.catalina.core.StandardWrapperValve.invoke(StandardWrapperValve.java:167)
	at org.apache.catalina.core.StandardContextValve.invoke(StandardContextValve.java:90)
	at org.apache.catalina.authenticator.AuthenticatorBase.invoke(AuthenticatorBase.java:483)
	at org.apache.catalina.core.StandardHostValve.invoke(StandardHostValve.java:115)
	at org.apache.catalina.valves.ErrorReportValve.invoke(ErrorReportValve.java:93)
	at org.apache.catalina.core.StandardEngineValve.invoke(StandardEngineValve.java:74)
	at org.apache.catalina.connector.CoyoteAdapter.service(CoyoteAdapter.java:344)
	at org.apache.coyote.http11.Http11Processor.service(Http11Processor.java:397)
	at org.apache.coyote.AbstractProcessorLight.process(AbstractProcessorLight.java:63)
	at org.apache.coyote.AbstractProtocol$ConnectionHandler.process(AbstractProtocol.java:905)
	at org.apache.tomcat.util.net.NioEndpoint$SocketProcessor.doRun(NioEndpoint.java:1741)
	at org.apache.tomcat.util.net.SocketProcessorBase.run(SocketProcessorBase.java:52)
	at org.apache.tomcat.util.threads.ThreadPoolExecutor.runWorker(ThreadPoolExecutor.java:1190)
	at org.apache.tomcat.util.threads.ThreadPoolExecutor$Worker.run(ThreadPoolExecutor.java:659)
	at org.apache.tomcat.util.threads.TaskThread$WrappingRunnable.run(TaskThread.java:63)
	at java.base/java.lang.Thread.run(Thread.java:1583)
2025-11-03 13:00:30.792 WARN  [http-nio-10020-exec-3] o.s.w.s.m.m.a.ExceptionHandlerExceptionResolver - Resolved [org.springframework.web.servlet.resource.NoResourceFoundException: No static resource course.]
2025-11-03 13:06:32.161 INFO  [http-nio-10020-exec-7] c.s.s.s.c.a.in.web.CourseController - 📥 Incoming createCourse request: CreateCourseRequest[title=TEST second course, description=We test CORSE, price=20, sections=[]]
2025-11-03 13:06:32.177 INFO  [http-nio-10020-exec-7] c.s.s.s.c.a.in.web.CourseController - 🔐 Authorization header: Bearer eyJhbGciOiJSUzI1NiIsInR5cCIgOiAiS...
2025-11-03 13:06:32.178 INFO  [http-nio-10020-exec-7] c.s.s.s.c.a.in.web.CourseController - 👤 X-User-Email: marina.darde@3wa.io
2025-11-03 13:06:32.179 INFO  [http-nio-10020-exec-7] c.s.s.s.c.a.in.web.CourseController - 🧩 X-User-Roles: STUDENT,TUTOR,offline_access,uma_authorization,default-roles-skillshub
2025-11-03 13:12:10.838 INFO  [http-nio-10020-exec-6] c.s.s.s.c.a.in.web.CourseController - 📥 Incoming createCourse request: CreateCourseRequest[title=TEST third course, description=We test body response , price=20, sections=[]]
2025-11-03 13:12:10.839 INFO  [http-nio-10020-exec-6] c.s.s.s.c.a.in.web.CourseController - 🔐 Authorization header: Bearer eyJhbGciOiJSUzI1NiIsInR5cCIgOiAiS...
2025-11-03 13:12:10.839 INFO  [http-nio-10020-exec-6] c.s.s.s.c.a.in.web.CourseController - 👤 X-User-Email: marina.darde@3wa.io
2025-11-03 13:12:10.839 INFO  [http-nio-10020-exec-6] c.s.s.s.c.a.in.web.CourseController - 🧩 X-User-Roles: STUDENT,TUTOR,offline_access,uma_authorization,default-roles-skillshub
2025-11-03 13:26:05.028 DEBUG [SpringApplicationShutdownHook] o.s.a.r.l.SimpleMessageListenerContainer - Shutting down Rabbit listener container
2025-11-03 13:26:05.127 DEBUG [SpringApplicationShutdownHook] o.s.a.r.l.SimpleMessageListenerContainer - Shutting down Rabbit listener container
2025-11-03 13:26:05.128 INFO  [org.springframework.amqp.rabbit.RabbitListenerEndpointContainer#0-2] o.s.a.r.l.SimpleMessageListenerContainer - Waiting for workers to finish.
2025-11-03 13:26:05.143 DEBUG [pool-2-thread-5] o.s.a.r.l.BlockingQueueConsumer - Received cancelOk for tag amq.ctag-aFLNgJDtDjgHR-RfTAuB2Q (course.media.metadata.extracted.queue); Consumer@4e3c5109: tags=[[amq.ctag-aFLNgJDtDjgHR-RfTAuB2Q]], channel=Cached Rabbit Channel: AMQChannel(amqp://admin@127.0.0.1:5672/,1), conn: Proxy@50e44c9e Shared Rabbit Connection: SimpleConnection@48f1e743 [delegate=amqp://admin@127.0.0.1:5672/, localPort=50807], acknowledgeMode=AUTO local queue size=0
2025-11-03 13:26:05.145 DEBUG [pool-2-thread-6] o.s.a.r.l.BlockingQueueConsumer - Received cancelOk for tag amq.ctag-UuigoUwtAyPxJ3X5wufSwA (course.media.uploaded.queue); Consumer@5fe3c059: tags=[[amq.ctag-UuigoUwtAyPxJ3X5wufSwA]], channel=Cached Rabbit Channel: AMQChannel(amqp://admin@127.0.0.1:5672/,2), conn: Proxy@50e44c9e Shared Rabbit Connection: SimpleConnection@48f1e743 [delegate=amqp://admin@127.0.0.1:5672/, localPort=50807], acknowledgeMode=AUTO local queue size=0
2025-11-03 13:26:05.146 INFO  [org.springframework.amqp.rabbit.RabbitListenerEndpointContainer#1-2] o.s.a.r.l.SimpleMessageListenerContainer - Waiting for workers to finish.
2025-11-03 13:26:05.802 INFO  [org.springframework.amqp.rabbit.RabbitListenerEndpointContainer#1-2] o.s.a.r.l.SimpleMessageListenerContainer - Successfully waited for workers to finish.
2025-11-03 13:26:05.803 DEBUG [org.springframework.amqp.rabbit.RabbitListenerEndpointContainer#1-1] o.s.a.r.l.SimpleMessageListenerContainer - Cancelling Consumer@5fe3c059: tags=[[amq.ctag-UuigoUwtAyPxJ3X5wufSwA]], channel=Cached Rabbit Channel: AMQChannel(amqp://admin@127.0.0.1:5672/,2), conn: Proxy@50e44c9e Shared Rabbit Connection: SimpleConnection@48f1e743 [delegate=amqp://admin@127.0.0.1:5672/, localPort=50807], acknowledgeMode=AUTO local queue size=0
2025-11-03 13:26:05.804 DEBUG [org.springframework.amqp.rabbit.RabbitListenerEndpointContainer#1-1] o.s.a.r.l.BlockingQueueConsumer - Closing Rabbit Channel: Cached Rabbit Channel: AMQChannel(amqp://admin@127.0.0.1:5672/,2), conn: Proxy@50e44c9e Shared Rabbit Connection: SimpleConnection@48f1e743 [delegate=amqp://admin@127.0.0.1:5672/, localPort=50807]
2025-11-03 13:26:05.805 DEBUG [org.springframework.amqp.rabbit.RabbitListenerEndpointContainer#1-1] o.s.a.r.c.CachingConnectionFactory - Closing cached Channel: AMQChannel(amqp://admin@127.0.0.1:5672/,2)
2025-11-03 13:26:05.816 INFO  [org.springframework.amqp.rabbit.RabbitListenerEndpointContainer#0-2] o.s.a.r.l.SimpleMessageListenerContainer - Successfully waited for workers to finish.
2025-11-03 13:26:05.817 DEBUG [org.springframework.amqp.rabbit.RabbitListenerEndpointContainer#0-1] o.s.a.r.l.SimpleMessageListenerContainer - Cancelling Consumer@4e3c5109: tags=[[amq.ctag-aFLNgJDtDjgHR-RfTAuB2Q]], channel=Cached Rabbit Channel: AMQChannel(amqp://admin@127.0.0.1:5672/,1), conn: Proxy@50e44c9e Shared Rabbit Connection: SimpleConnection@48f1e743 [delegate=amqp://admin@127.0.0.1:5672/, localPort=50807], acknowledgeMode=AUTO local queue size=0
2025-11-03 13:26:05.817 DEBUG [org.springframework.amqp.rabbit.RabbitListenerEndpointContainer#0-1] o.s.a.r.l.BlockingQueueConsumer - Closing Rabbit Channel: Cached Rabbit Channel: AMQChannel(amqp://admin@127.0.0.1:5672/,1), conn: Proxy@50e44c9e Shared Rabbit Connection: SimpleConnection@48f1e743 [delegate=amqp://admin@127.0.0.1:5672/, localPort=50807]
2025-11-03 13:26:05.817 DEBUG [org.springframework.amqp.rabbit.RabbitListenerEndpointContainer#0-1] o.s.a.r.c.CachingConnectionFactory - Closing cached Channel: AMQChannel(amqp://admin@127.0.0.1:5672/,1)
2025-11-03 13:26:05.819 INFO  [SpringApplicationShutdownHook] o.s.b.w.e.tomcat.GracefulShutdown - Commencing graceful shutdown. Waiting for active requests to complete
2025-11-03 13:26:05.867 INFO  [tomcat-shutdown] o.s.b.w.e.tomcat.GracefulShutdown - Graceful shutdown complete
2025-11-03 13:26:06.019 DEBUG [SpringApplicationShutdownHook] o.s.a.r.l.SimpleMessageListenerContainer - Shutdown ignored - container is not active already
2025-11-03 13:26:06.020 DEBUG [SpringApplicationShutdownHook] o.s.a.r.l.SimpleMessageListenerContainer - Shutdown ignored - container is not active already
2025-11-03 13:26:06.028 INFO  [SpringApplicationShutdownHook] o.s.o.j.LocalContainerEntityManagerFactoryBean - Closing JPA EntityManagerFactory for persistence unit 'storagePU'
2025-11-03 13:26:06.030 INFO  [SpringApplicationShutdownHook] o.s.o.j.LocalContainerEntityManagerFactoryBean - Closing JPA EntityManagerFactory for persistence unit 'coursePU'
2025-11-03 13:26:06.030 INFO  [SpringApplicationShutdownHook] com.zaxxer.hikari.HikariDataSource - HikariPool-2 - Shutdown initiated...
2025-11-03 13:26:06.037 INFO  [SpringApplicationShutdownHook] com.zaxxer.hikari.HikariDataSource - HikariPool-2 - Shutdown completed.
2025-11-03 13:26:06.038 INFO  [SpringApplicationShutdownHook] com.zaxxer.hikari.HikariDataSource - HikariPool-1 - Shutdown initiated...
2025-11-03 13:26:06.058 INFO  [SpringApplicationShutdownHook] com.zaxxer.hikari.HikariDataSource - HikariPool-1 - Shutdown completed.
2025-11-03 13:26:15.175 INFO  [background-preinit] o.h.validator.internal.util.Version - HV000001: Hibernate Validator 8.0.2.Final
2025-11-03 13:26:15.252 INFO  [restartedMain] c.s.s.skillhub.SkillhubApplication - Starting SkillhubApplication using Java 21.0.4 with PID 16512 (C:\Users\Utilisateur\Documents\PROJET\e-learning-monolith-back\target\classes started by Utilisateur in C:\Users\Utilisateur\Documents\PROJET\e-learning-monolith-back)
2025-11-03 13:26:15.253 DEBUG [restartedMain] c.s.s.skillhub.SkillhubApplication - Running with Spring Boot v3.4.2, Spring v6.2.2
2025-11-03 13:26:15.253 INFO  [restartedMain] c.s.s.skillhub.SkillhubApplication - The following 1 profile is active: "usage_message"
2025-11-03 13:26:15.326 INFO  [restartedMain] o.s.b.d.e.DevToolsPropertyDefaultsPostProcessor - Devtools property defaults active! Set 'spring.devtools.add-properties' to 'false' to disable
2025-11-03 13:26:15.326 INFO  [restartedMain] o.s.b.d.e.DevToolsPropertyDefaultsPostProcessor - For additional web related logging consider setting the 'logging.level.web' property to 'DEBUG'
2025-11-03 13:26:17.402 INFO  [restartedMain] o.s.d.r.c.RepositoryConfigurationDelegate - Bootstrapping Spring Data JPA repositories in DEFAULT mode.
2025-11-03 13:26:17.486 INFO  [restartedMain] o.s.d.r.c.RepositoryConfigurationDelegate - Finished Spring Data repository scanning in 70 ms. Found 3 JPA repository interfaces.
2025-11-03 13:26:17.495 INFO  [restartedMain] o.s.d.r.c.RepositoryConfigurationDelegate - Bootstrapping Spring Data JPA repositories in DEFAULT mode.
2025-11-03 13:26:17.507 INFO  [restartedMain] o.s.d.r.c.RepositoryConfigurationDelegate - Finished Spring Data repository scanning in 9 ms. Found 1 JPA repository interface.
2025-11-03 13:26:18.620 INFO  [restartedMain] o.s.cloud.context.scope.GenericScope - BeanFactory id=b52957b8-36cc-3832-80da-e99eb6ae0eb2
2025-11-03 13:26:19.960 INFO  [restartedMain] o.s.b.w.e.tomcat.TomcatWebServer - Tomcat initialized with port 10020 (http)
2025-11-03 13:26:19.976 INFO  [restartedMain] o.a.coyote.http11.Http11NioProtocol - Initializing ProtocolHandler ["http-nio-10020"]
2025-11-03 13:26:19.979 INFO  [restartedMain] o.a.catalina.core.StandardService - Starting service [Tomcat]
2025-11-03 13:26:19.980 INFO  [restartedMain] o.a.catalina.core.StandardEngine - Starting Servlet engine: [Apache Tomcat/10.1.34]
2025-11-03 13:26:20.105 INFO  [restartedMain] o.a.c.c.C.[Tomcat].[localhost].[/] - Initializing Spring embedded WebApplicationContext
2025-11-03 13:26:20.107 INFO  [restartedMain] o.s.b.w.s.c.ServletWebServerApplicationContext - Root WebApplicationContext: initialization completed in 4778 ms
2025-11-03 13:26:20.847 INFO  [restartedMain] com.zaxxer.hikari.HikariDataSource - HikariPool-1 - Starting...
2025-11-03 13:26:21.099 INFO  [restartedMain] com.zaxxer.hikari.pool.HikariPool - HikariPool-1 - Added connection org.postgresql.jdbc.PgConnection@10fd8bad
2025-11-03 13:26:21.102 INFO  [restartedMain] com.zaxxer.hikari.HikariDataSource - HikariPool-1 - Start completed.
2025-11-03 13:26:21.411 INFO  [restartedMain] liquibase.database - Set default schema name to public
2025-11-03 13:26:22.236 INFO  [restartedMain] liquibase.changelog - Reading from public.databasechangelog
2025-11-03 13:26:22.332 INFO  [restartedMain] liquibase.ui - Database is up to date, no changesets to execute
2025-11-03 13:26:22.337 INFO  [restartedMain] liquibase.changelog - Reading from public.databasechangelog
2025-11-03 13:26:22.357 INFO  [restartedMain] liquibase.util - UPDATE SUMMARY
2025-11-03 13:26:22.357 INFO  [restartedMain] liquibase.util - Run:                          0
2025-11-03 13:26:22.357 INFO  [restartedMain] liquibase.util - Previously run:               5
2025-11-03 13:26:22.357 INFO  [restartedMain] liquibase.util - Filtered out:                 0
2025-11-03 13:26:22.357 INFO  [restartedMain] liquibase.util - -------------------------------
2025-11-03 13:26:22.358 INFO  [restartedMain] liquibase.util - Total change sets:            5
2025-11-03 13:26:22.359 INFO  [restartedMain] liquibase.util - Update summary generated
2025-11-03 13:26:22.361 INFO  [restartedMain] liquibase.command - Command execution complete
2025-11-03 13:26:22.403 INFO  [restartedMain] com.zaxxer.hikari.HikariDataSource - HikariPool-2 - Starting...
2025-11-03 13:26:22.446 INFO  [restartedMain] com.zaxxer.hikari.pool.HikariPool - HikariPool-2 - Added connection org.postgresql.jdbc.PgConnection@738b2c99
2025-11-03 13:26:22.447 INFO  [restartedMain] com.zaxxer.hikari.HikariDataSource - HikariPool-2 - Start completed.
2025-11-03 13:26:22.598 INFO  [restartedMain] liquibase.changelog - Reading from public.databasechangelog
2025-11-03 13:26:22.704 INFO  [restartedMain] liquibase.ui - Database is up to date, no changesets to execute
2025-11-03 13:26:22.707 INFO  [restartedMain] liquibase.changelog - Reading from public.databasechangelog
2025-11-03 13:26:22.715 INFO  [restartedMain] liquibase.util - UPDATE SUMMARY
2025-11-03 13:26:22.716 INFO  [restartedMain] liquibase.util - Run:                          0
2025-11-03 13:26:22.716 INFO  [restartedMain] liquibase.util - Previously run:               6
2025-11-03 13:26:22.716 INFO  [restartedMain] liquibase.util - Filtered out:                 0
2025-11-03 13:26:22.717 INFO  [restartedMain] liquibase.util - -------------------------------
2025-11-03 13:26:22.717 INFO  [restartedMain] liquibase.util - Total change sets:            6
2025-11-03 13:26:22.717 INFO  [restartedMain] liquibase.util - Update summary generated
2025-11-03 13:26:22.718 INFO  [restartedMain] liquibase.command - Command execution complete
2025-11-03 13:26:22.791 INFO  [restartedMain] o.h.jpa.internal.util.LogHelper - HHH000204: Processing PersistenceUnitInfo [name: coursePU]
2025-11-03 13:26:22.885 INFO  [restartedMain] org.hibernate.Version - HHH000412: Hibernate ORM core version 6.6.5.Final
2025-11-03 13:26:22.969 INFO  [restartedMain] o.h.c.i.RegionFactoryInitiator - HHH000026: Second-level cache disabled
2025-11-03 13:26:24.025 INFO  [restartedMain] o.s.o.j.p.SpringPersistenceUnitInfo - No LoadTimeWeaver setup: ignoring JPA class transformer
2025-11-03 13:26:24.167 INFO  [restartedMain] o.hibernate.orm.connections.pooling - HHH10001005: Database info:
	Database JDBC URL [Connecting through datasource 'HikariDataSource (HikariPool-2)']
	Database driver: undefined/unknown
	Database version: 15.14
	Autocommit mode: undefined/unknown
	Isolation level: undefined/unknown
	Minimum pool size: undefined/unknown
	Maximum pool size: undefined/unknown
2025-11-03 13:26:26.170 INFO  [restartedMain] o.h.e.t.j.p.i.JtaPlatformInitiator - HHH000489: No JTA platform available (set 'hibernate.transaction.jta.platform' to enable JTA platform integration)
2025-11-03 13:26:26.175 INFO  [restartedMain] o.s.o.j.LocalContainerEntityManagerFactoryBean - Initialized JPA EntityManagerFactory for persistence unit 'coursePU'
2025-11-03 13:26:26.236 INFO  [restartedMain] o.h.jpa.internal.util.LogHelper - HHH000204: Processing PersistenceUnitInfo [name: storagePU]
2025-11-03 13:26:26.244 INFO  [restartedMain] o.h.c.i.RegionFactoryInitiator - HHH000026: Second-level cache disabled
2025-11-03 13:26:26.482 INFO  [restartedMain] o.s.o.j.p.SpringPersistenceUnitInfo - No LoadTimeWeaver setup: ignoring JPA class transformer
2025-11-03 13:26:26.492 INFO  [restartedMain] o.hibernate.orm.connections.pooling - HHH10001005: Database info:
	Database JDBC URL [Connecting through datasource 'HikariDataSource (HikariPool-1)']
	Database driver: undefined/unknown
	Database version: 15.14
	Autocommit mode: undefined/unknown
	Isolation level: undefined/unknown
	Minimum pool size: undefined/unknown
	Maximum pool size: undefined/unknown
2025-11-03 13:26:26.580 INFO  [restartedMain] o.h.e.t.j.p.i.JtaPlatformInitiator - HHH000489: No JTA platform available (set 'hibernate.transaction.jta.platform' to enable JTA platform integration)
2025-11-03 13:26:26.580 INFO  [restartedMain] o.s.o.j.LocalContainerEntityManagerFactoryBean - Initialized JPA EntityManagerFactory for persistence unit 'storagePU'
2025-11-03 13:26:27.526 INFO  [restartedMain] o.s.d.j.r.query.QueryEnhancerFactory - Hibernate is in classpath; If applicable, HQL parser will be used.
2025-11-03 13:26:29.152 WARN  [restartedMain] com.amazonaws.util.VersionInfoUtils - The AWS SDK for Java 1.x entered maintenance mode starting July 31, 2024 and will reach end of support on December 31, 2025. For more information, see https://aws.amazon.com/blogs/developer/the-aws-sdk-for-java-1-x-is-in-maintenance-mode-effective-july-31-2024/
You can print where on the file system the AWS SDK for Java 1.x core runtime is located by setting the AWS_JAVA_V1_PRINT_LOCATION environment variable or aws.java.v1.printLocation system property to 'true'.
This message can be disabled by setting the AWS_JAVA_V1_DISABLE_DEPRECATION_ANNOUNCEMENT environment variable or aws.java.v1.disableDeprecationAnnouncement system property to 'true'.
The AWS SDK for Java 1.x is being used here:
at java.base/java.lang.Thread.getStackTrace(Thread.java:2450)
at com.amazonaws.util.VersionInfoUtils.printDeprecationAnnouncement(VersionInfoUtils.java:81)
at com.amazonaws.util.VersionInfoUtils.<clinit>(VersionInfoUtils.java:59)
at com.amazonaws.internal.EC2ResourceFetcher.<clinit>(EC2ResourceFetcher.java:44)
at com.amazonaws.auth.InstanceMetadataServiceCredentialsFetcher.<init>(InstanceMetadataServiceCredentialsFetcher.java:38)
at com.amazonaws.auth.InstanceProfileCredentialsProvider.<init>(InstanceProfileCredentialsProvider.java:111)
at com.amazonaws.auth.InstanceProfileCredentialsProvider.<init>(InstanceProfileCredentialsProvider.java:91)
at com.amazonaws.auth.InstanceProfileCredentialsProvider.<init>(InstanceProfileCredentialsProvider.java:75)
at com.amazonaws.auth.InstanceProfileCredentialsProvider.<clinit>(InstanceProfileCredentialsProvider.java:58)
at com.amazonaws.auth.EC2ContainerCredentialsProviderWrapper.initializeProvider(EC2ContainerCredentialsProviderWrapper.java:66)
at com.amazonaws.auth.EC2ContainerCredentialsProviderWrapper.<init>(EC2ContainerCredentialsProviderWrapper.java:55)
at com.amazonaws.auth.DefaultAWSCredentialsProviderChain.<init>(DefaultAWSCredentialsProviderChain.java:60)
at com.amazonaws.auth.DefaultAWSCredentialsProviderChain.<clinit>(DefaultAWSCredentialsProviderChain.java:54)
at com.amazonaws.services.s3.AmazonS3ClientBuilder.standard(AmazonS3ClientBuilder.java:46)
at com.simplon_project.skillhub.skillhub.storage.config.s3.AmazonS3Config.amazonS3(AmazonS3Config.java:49)
at com.simplon_project.skillhub.skillhub.storage.config.s3.AmazonS3Config$$SpringCGLIB$$0.CGLIB$amazonS3$0(<generated>)
at com.simplon_project.skillhub.skillhub.storage.config.s3.AmazonS3Config$$SpringCGLIB$$FastClass$$1.invoke(<generated>)
at org.springframework.cglib.proxy.MethodProxy.invokeSuper(MethodProxy.java:258)
at org.springframework.context.annotation.ConfigurationClassEnhancer$BeanMethodInterceptor.intercept(ConfigurationClassEnhancer.java:348)
at com.simplon_project.skillhub.skillhub.storage.config.s3.AmazonS3Config$$SpringCGLIB$$0.amazonS3(<generated>)
at java.base/jdk.internal.reflect.DirectMethodHandleAccessor.invoke(DirectMethodHandleAccessor.java:103)
at java.base/java.lang.reflect.Method.invoke(Method.java:580)
at org.springframework.beans.factory.support.SimpleInstantiationStrategy.lambda$instantiate$0(SimpleInstantiationStrategy.java:171)
at org.springframework.beans.factory.support.SimpleInstantiationStrategy.instantiateWithFactoryMethod(SimpleInstantiationStrategy.java:88)
at org.springframework.beans.factory.support.SimpleInstantiationStrategy.instantiate(SimpleInstantiationStrategy.java:168)
at org.springframework.beans.factory.support.ConstructorResolver.instantiate(ConstructorResolver.java:653)
at org.springframework.beans.factory.support.ConstructorResolver.instantiateUsingFactoryMethod(ConstructorResolver.java:489)
at org.springframework.beans.factory.support.AbstractAutowireCapableBeanFactory.instantiateUsingFactoryMethod(AbstractAutowireCapableBeanFactory.java:1361)
at org.springframework.beans.factory.support.AbstractAutowireCapableBeanFactory.createBeanInstance(AbstractAutowireCapableBeanFactory.java:1191)
at org.springframework.beans.factory.support.AbstractAutowireCapableBeanFactory.doCreateBean(AbstractAutowireCapableBeanFactory.java:563)
at org.springframework.beans.factory.support.AbstractAutowireCapableBeanFactory.createBean(AbstractAutowireCapableBeanFactory.java:523)
at org.springframework.beans.factory.support.AbstractBeanFactory.lambda$doGetBean$0(AbstractBeanFactory.java:336)
at org.springframework.beans.factory.support.DefaultSingletonBeanRegistry.getSingleton(DefaultSingletonBeanRegistry.java:307)
at org.springframework.beans.factory.support.AbstractBeanFactory.doGetBean(AbstractBeanFactory.java:334)
at org.springframework.beans.factory.support.AbstractBeanFactory.getBean(AbstractBeanFactory.java:199)
at org.springframework.beans.factory.config.DependencyDescriptor.resolveCandidate(DependencyDescriptor.java:254)
at org.springframework.beans.factory.support.DefaultListableBeanFactory.doResolveDependency(DefaultListableBeanFactory.java:1631)
at org.springframework.beans.factory.support.DefaultListableBeanFactory.resolveDependency(DefaultListableBeanFactory.java:1519)
at org.springframework.beans.factory.support.ConstructorResolver.resolveAutowiredArgument(ConstructorResolver.java:913)
at org.springframework.beans.factory.support.ConstructorResolver.createArgumentArray(ConstructorResolver.java:791)
at org.springframework.beans.factory.support.ConstructorResolver.autowireConstructor(ConstructorResolver.java:240)
at org.springframework.beans.factory.support.AbstractAutowireCapableBeanFactory.autowireConstructor(AbstractAutowireCapableBeanFactory.java:1381)
at org.springframework.beans.factory.support.AbstractAutowireCapableBeanFactory.createBeanInstance(AbstractAutowireCapableBeanFactory.java:1218)
at org.springframework.beans.factory.support.AbstractAutowireCapableBeanFactory.doCreateBean(AbstractAutowireCapableBeanFactory.java:563)
at org.springframework.beans.factory.support.AbstractAutowireCapableBeanFactory.createBean(AbstractAutowireCapableBeanFactory.java:523)
at org.springframework.beans.factory.support.AbstractBeanFactory.lambda$doGetBean$0(AbstractBeanFactory.java:336)
at org.springframework.beans.factory.support.DefaultSingletonBeanRegistry.getSingleton(DefaultSingletonBeanRegistry.java:307)
at org.springframework.beans.factory.support.AbstractBeanFactory.doGetBean(AbstractBeanFactory.java:334)
at org.springframework.beans.factory.support.AbstractBeanFactory.getBean(AbstractBeanFactory.java:199)
at org.springframework.beans.factory.config.DependencyDescriptor.resolveCandidate(DependencyDescriptor.java:254)
at org.springframework.beans.factory.support.DefaultListableBeanFactory.doResolveDependency(DefaultListableBeanFactory.java:1631)
at org.springframework.beans.factory.support.DefaultListableBeanFactory.resolveDependency(DefaultListableBeanFactory.java:1519)
at org.springframework.beans.factory.support.ConstructorResolver.resolveAutowiredArgument(ConstructorResolver.java:913)
at org.springframework.beans.factory.support.ConstructorResolver.createArgumentArray(ConstructorResolver.java:791)
at org.springframework.beans.factory.support.ConstructorResolver.autowireConstructor(ConstructorResolver.java:240)
at org.springframework.beans.factory.support.AbstractAutowireCapableBeanFactory.autowireConstructor(AbstractAutowireCapableBeanFactory.java:1381)
at org.springframework.beans.factory.support.AbstractAutowireCapableBeanFactory.createBeanInstance(AbstractAutowireCapableBeanFactory.java:1218)
at org.springframework.beans.factory.support.AbstractAutowireCapableBeanFactory.doCreateBean(AbstractAutowireCapableBeanFactory.java:563)
at org.springframework.beans.factory.support.AbstractAutowireCapableBeanFactory.createBean(AbstractAutowireCapableBeanFactory.java:523)
at org.springframework.beans.factory.support.AbstractBeanFactory.lambda$doGetBean$0(AbstractBeanFactory.java:336)
at org.springframework.beans.factory.support.DefaultSingletonBeanRegistry.getSingleton(DefaultSingletonBeanRegistry.java:307)
at org.springframework.beans.factory.support.AbstractBeanFactory.doGetBean(AbstractBeanFactory.java:334)
at org.springframework.beans.factory.support.AbstractBeanFactory.getBean(AbstractBeanFactory.java:199)
at org.springframework.beans.factory.config.DependencyDescriptor.resolveCandidate(DependencyDescriptor.java:254)
at org.springframework.beans.factory.support.DefaultListableBeanFactory.doResolveDependency(DefaultListableBeanFactory.java:1631)
at org.springframework.beans.factory.support.DefaultListableBeanFactory.resolveDependency(DefaultListableBeanFactory.java:1519)
at org.springframework.beans.factory.support.ConstructorResolver.resolveAutowiredArgument(ConstructorResolver.java:913)
at org.springframework.beans.factory.support.ConstructorResolver.createArgumentArray(ConstructorResolver.java:791)
at org.springframework.beans.factory.support.ConstructorResolver.autowireConstructor(ConstructorResolver.java:240)
at org.springframework.beans.factory.support.AbstractAutowireCapableBeanFactory.autowireConstructor(AbstractAutowireCapableBeanFactory.java:1381)
at org.springframework.beans.factory.support.AbstractAutowireCapableBeanFactory.createBeanInstance(AbstractAutowireCapableBeanFactory.java:1218)
at org.springframework.beans.factory.support.AbstractAutowireCapableBeanFactory.doCreateBean(AbstractAutowireCapableBeanFactory.java:563)
at org.springframework.beans.factory.support.AbstractAutowireCapableBeanFactory.createBean(AbstractAutowireCapableBeanFactory.java:523)
at org.springframework.beans.factory.support.AbstractBeanFactory.lambda$doGetBean$0(AbstractBeanFactory.java:336)
at org.springframework.beans.factory.support.DefaultSingletonBeanRegistry.getSingleton(DefaultSingletonBeanRegistry.java:307)
at org.springframework.beans.factory.support.AbstractBeanFactory.doGetBean(AbstractBeanFactory.java:334)
at org.springframework.beans.factory.support.AbstractBeanFactory.getBean(AbstractBeanFactory.java:199)
at org.springframework.beans.factory.support.DefaultListableBeanFactory.instantiateSingleton(DefaultListableBeanFactory.java:1122)
at org.springframework.beans.factory.support.DefaultListableBeanFactory.preInstantiateSingleton(DefaultListableBeanFactory.java:1093)
at org.springframework.beans.factory.support.DefaultListableBeanFactory.preInstantiateSingletons(DefaultListableBeanFactory.java:1030)
at org.springframework.context.support.AbstractApplicationContext.finishBeanFactoryInitialization(AbstractApplicationContext.java:987)
at org.springframework.context.support.AbstractApplicationContext.refresh(AbstractApplicationContext.java:627)
at org.springframework.boot.web.servlet.context.ServletWebServerApplicationContext.refresh(ServletWebServerApplicationContext.java:146)
at org.springframework.boot.SpringApplication.refresh(SpringApplication.java:752)
at org.springframework.boot.SpringApplication.refreshContext(SpringApplication.java:439)
at org.springframework.boot.SpringApplication.run(SpringApplication.java:318)
at org.springframework.boot.SpringApplication.run(SpringApplication.java:1361)
at org.springframework.boot.SpringApplication.run(SpringApplication.java:1350)
at com.simplon_project.skillhub.skillhub.SkillhubApplication.main(SkillhubApplication.java:14)
at java.base/jdk.internal.reflect.DirectMethodHandleAccessor.invoke(DirectMethodHandleAccessor.java:103)
at java.base/java.lang.reflect.Method.invoke(Method.java:580)
at org.springframework.boot.devtools.restart.RestartLauncher.run(RestartLauncher.java:50)
2025-11-03 13:26:30.815 WARN  [restartedMain] o.s.b.a.s.s.UserDetailsServiceAutoConfiguration - 

Using generated security password: a2573760-10c5-435c-92ab-b1942c85a95d

This generated password is for development use only. Your security configuration must be updated before running your application in production.

2025-11-03 13:26:30.845 INFO  [restartedMain] o.s.s.c.a.a.c.InitializeUserDetailsBeanManagerConfigurer$InitializeUserDetailsManagerConfigurer - Global AuthenticationManager configured with UserDetailsService bean with name inMemoryUserDetailsManager
2025-11-03 13:26:32.485 INFO  [restartedMain] o.s.b.a.e.web.EndpointLinksResolver - Exposing 3 endpoints beneath base path '/actuator'
2025-11-03 13:26:34.362 INFO  [restartedMain] o.s.b.a.h.H2ConsoleAutoConfiguration - H2 console available at '/h2-console'. Databases available at 'jdbc:postgresql://localhost:5433/course_service', 'jdbc:postgresql://localhost:5434/storage_service'
2025-11-03 13:26:34.646 INFO  [restartedMain] o.s.b.d.a.OptionalLiveReloadServer - LiveReload server is running on port 35729
2025-11-03 13:26:35.705 INFO  [restartedMain] o.s.cloud.commons.util.InetUtils - Cannot determine local hostname
2025-11-03 13:26:35.968 DEBUG [restartedMain] o.s.a.r.l.a.MessagingMessageListenerAdapter - Inferred argument type for public void com.simplon_project.skillhub.skillhub.course.adapter.messaging.listeners.VideoMetadataExtractListener.handle(com.simplon_project.skillhub.skillhub.course.adapter.messaging.events.VideoMetadataExtractedEvent) is class com.simplon_project.skillhub.skillhub.course.adapter.messaging.events.VideoMetadataExtractedEvent
2025-11-03 13:26:35.986 DEBUG [restartedMain] o.s.a.r.l.SimpleMessageListenerContainer - No global properties bean
2025-11-03 13:26:35.986 DEBUG [restartedMain] o.s.a.r.l.SimpleMessageListenerContainer - No global properties bean
2025-11-03 13:26:35.988 DEBUG [restartedMain] o.s.a.r.l.a.MessagingMessageListenerAdapter - Inferred argument type for public void com.simplon_project.skillhub.skillhub.course.adapter.messaging.listeners.VideoUploadedListener.handle(com.simplon_project.skillhub.skillhub.course.adapter.messaging.events.VideoUploadedEvent) is class com.simplon_project.skillhub.skillhub.course.adapter.messaging.events.VideoUploadedEvent
2025-11-03 13:26:35.989 DEBUG [restartedMain] o.s.a.r.l.SimpleMessageListenerContainer - No global properties bean
2025-11-03 13:26:35.989 DEBUG [restartedMain] o.s.a.r.l.SimpleMessageListenerContainer - No global properties bean
2025-11-03 13:26:36.088 INFO  [restartedMain] o.a.coyote.http11.Http11NioProtocol - Starting ProtocolHandler ["http-nio-10020"]
2025-11-03 13:26:36.122 INFO  [restartedMain] o.s.b.w.e.tomcat.TomcatWebServer - Tomcat started on port 10020 (http) with context path '/'
2025-11-03 13:26:36.468 INFO  [http-nio-10020-exec-1] o.a.c.c.C.[Tomcat].[localhost].[/] - Initializing Spring DispatcherServlet 'dispatcherServlet'
2025-11-03 13:26:36.469 INFO  [http-nio-10020-exec-1] o.s.web.servlet.DispatcherServlet - Initializing Servlet 'dispatcherServlet'
2025-11-03 13:26:36.472 INFO  [http-nio-10020-exec-1] o.s.web.servlet.DispatcherServlet - Completed initialization in 3 ms
2025-11-03 13:26:37.148 INFO  [restartedMain] o.s.cloud.commons.util.InetUtils - Cannot determine local hostname
2025-11-03 13:26:37.149 DEBUG [restartedMain] o.s.a.r.l.SimpleMessageListenerContainer - Starting Rabbit listener container.
2025-11-03 13:26:37.155 INFO  [restartedMain] o.s.a.r.c.CachingConnectionFactory - Attempting to connect to: localhost:5672
2025-11-03 13:26:37.179 DEBUG [restartedMain] c.r.client.impl.ConsumerWorkService - Creating executor service with 8 thread(s) for consumer work service
2025-11-03 13:26:37.309 INFO  [restartedMain] o.s.a.r.c.CachingConnectionFactory - Created new connection: courseConnectionFactory#78406a63:0/SimpleConnection@68123da3 [delegate=amqp://admin@127.0.0.1:5672/, localPort=63574]
2025-11-03 13:26:37.317 DEBUG [restartedMain] o.s.amqp.rabbit.core.RabbitAdmin - Initializing declarations
2025-11-03 13:26:37.341 DEBUG [restartedMain] o.s.a.r.c.CachingConnectionFactory - Creating cached Rabbit Channel from AMQChannel(amqp://admin@127.0.0.1:5672/,1)
2025-11-03 13:26:37.359 DEBUG [restartedMain] o.s.amqp.rabbit.core.RabbitTemplate - Executing callback RabbitAdmin$$Lambda/0x000001f62ef41368 on RabbitMQ Channel: Cached Rabbit Channel: AMQChannel(amqp://admin@127.0.0.1:5672/,1), conn: Proxy@5795bb76 Shared Rabbit Connection: SimpleConnection@68123da3 [delegate=amqp://admin@127.0.0.1:5672/, localPort=63574]
2025-11-03 13:26:37.360 DEBUG [restartedMain] o.s.amqp.rabbit.core.RabbitAdmin - declaring Exchange 'course.events'
2025-11-03 13:26:37.373 DEBUG [restartedMain] o.s.amqp.rabbit.core.RabbitAdmin - declaring Exchange 'course.events'
2025-11-03 13:26:37.376 DEBUG [restartedMain] o.s.amqp.rabbit.core.RabbitAdmin - declaring Queue 'course.media.uploaded.queue'
2025-11-03 13:26:37.390 DEBUG [restartedMain] o.s.amqp.rabbit.core.RabbitAdmin - declaring Queue 'course.media.metadata.extracted.queue'
2025-11-03 13:26:37.393 DEBUG [restartedMain] o.s.amqp.rabbit.core.RabbitAdmin - declaring Queue 'course.media.uploaded.queue'
2025-11-03 13:26:37.396 DEBUG [restartedMain] o.s.amqp.rabbit.core.RabbitAdmin - declaring Queue 'course.media.metadata.extracted.queue'
2025-11-03 13:26:37.399 DEBUG [restartedMain] o.s.amqp.rabbit.core.RabbitAdmin - Binding destination [course.media.uploaded.queue (QUEUE)] to exchange [course.events] with routing key [course.media.uploaded.v1]
2025-11-03 13:26:37.418 DEBUG [restartedMain] o.s.amqp.rabbit.core.RabbitAdmin - Binding destination [course.media.metadata.extracted.queue (QUEUE)] to exchange [course.events] with routing key [course.media.metadata.extracted.v1]
2025-11-03 13:26:37.423 DEBUG [restartedMain] o.s.amqp.rabbit.core.RabbitAdmin - Binding destination [course.media.uploaded.queue (QUEUE)] to exchange [course.events] with routing key [course.media.uploaded.v1]
2025-11-03 13:26:37.427 DEBUG [restartedMain] o.s.amqp.rabbit.core.RabbitAdmin - Binding destination [course.media.metadata.extracted.queue (QUEUE)] to exchange [course.events] with routing key [course.media.metadata.extracted.v1]
2025-11-03 13:26:37.432 DEBUG [restartedMain] o.s.amqp.rabbit.core.RabbitAdmin - Declarations finished
2025-11-03 13:26:37.446 DEBUG [org.springframework.amqp.rabbit.RabbitListenerEndpointContainer#0-1] o.s.amqp.rabbit.core.RabbitTemplate - Executing callback RabbitAdmin$$Lambda/0x000001f62ef47990 on RabbitMQ Channel: Cached Rabbit Channel: AMQChannel(amqp://admin@127.0.0.1:5672/,1), conn: Proxy@5795bb76 Shared Rabbit Connection: SimpleConnection@68123da3 [delegate=amqp://admin@127.0.0.1:5672/, localPort=63574]
2025-11-03 13:26:37.449 DEBUG [org.springframework.amqp.rabbit.RabbitListenerEndpointContainer#0-1] o.s.amqp.rabbit.core.RabbitTemplate - Executing callback RabbitAdmin$$Lambda/0x000001f62ef47990 on RabbitMQ Channel: Cached Rabbit Channel: AMQChannel(amqp://admin@127.0.0.1:5672/,1), conn: Proxy@5795bb76 Shared Rabbit Connection: SimpleConnection@68123da3 [delegate=amqp://admin@127.0.0.1:5672/, localPort=63574]
2025-11-03 13:26:37.455 DEBUG [org.springframework.amqp.rabbit.RabbitListenerEndpointContainer#0-1] o.s.a.r.l.BlockingQueueConsumer - Starting consumer Consumer@11602ee4: tags=[[]], channel=null, acknowledgeMode=AUTO local queue size=0
2025-11-03 13:26:37.483 DEBUG [org.springframework.amqp.rabbit.RabbitListenerEndpointContainer#0-1] o.s.a.r.l.BlockingQueueConsumer - Started on queue 'course.media.metadata.extracted.queue' with tag amq.ctag-f3V1DhX4Gf63_Fu5TWQFpA: Consumer@11602ee4: tags=[[]], channel=Cached Rabbit Channel: AMQChannel(amqp://admin@127.0.0.1:5672/,1), conn: Proxy@5795bb76 Shared Rabbit Connection: SimpleConnection@68123da3 [delegate=amqp://admin@127.0.0.1:5672/, localPort=63574], acknowledgeMode=AUTO local queue size=0
2025-11-03 13:26:37.484 DEBUG [pool-2-thread-3] o.s.a.r.l.BlockingQueueConsumer - ConsumeOK: Consumer@11602ee4: tags=[[amq.ctag-f3V1DhX4Gf63_Fu5TWQFpA]], channel=Cached Rabbit Channel: AMQChannel(amqp://admin@127.0.0.1:5672/,1), conn: Proxy@5795bb76 Shared Rabbit Connection: SimpleConnection@68123da3 [delegate=amqp://admin@127.0.0.1:5672/, localPort=63574], acknowledgeMode=AUTO local queue size=0
2025-11-03 13:26:37.484 DEBUG [restartedMain] o.s.a.r.l.SimpleMessageListenerContainer - Starting Rabbit listener container.
2025-11-03 13:26:37.491 DEBUG [org.springframework.amqp.rabbit.RabbitListenerEndpointContainer#1-1] o.s.a.r.c.CachingConnectionFactory - Creating cached Rabbit Channel from AMQChannel(amqp://admin@127.0.0.1:5672/,2)
2025-11-03 13:26:37.492 DEBUG [org.springframework.amqp.rabbit.RabbitListenerEndpointContainer#1-1] o.s.amqp.rabbit.core.RabbitTemplate - Executing callback RabbitAdmin$$Lambda/0x000001f62ef47990 on RabbitMQ Channel: Cached Rabbit Channel: AMQChannel(amqp://admin@127.0.0.1:5672/,2), conn: Proxy@5795bb76 Shared Rabbit Connection: SimpleConnection@68123da3 [delegate=amqp://admin@127.0.0.1:5672/, localPort=63574]
2025-11-03 13:26:37.494 DEBUG [org.springframework.amqp.rabbit.RabbitListenerEndpointContainer#1-1] o.s.amqp.rabbit.core.RabbitTemplate - Executing callback RabbitAdmin$$Lambda/0x000001f62ef47990 on RabbitMQ Channel: Cached Rabbit Channel: AMQChannel(amqp://admin@127.0.0.1:5672/,2), conn: Proxy@5795bb76 Shared Rabbit Connection: SimpleConnection@68123da3 [delegate=amqp://admin@127.0.0.1:5672/, localPort=63574]
2025-11-03 13:26:37.496 DEBUG [org.springframework.amqp.rabbit.RabbitListenerEndpointContainer#1-1] o.s.a.r.l.BlockingQueueConsumer - Starting consumer Consumer@1400708e: tags=[[]], channel=null, acknowledgeMode=AUTO local queue size=0
2025-11-03 13:26:37.503 DEBUG [org.springframework.amqp.rabbit.RabbitListenerEndpointContainer#1-1] o.s.a.r.l.BlockingQueueConsumer - Started on queue 'course.media.uploaded.queue' with tag amq.ctag-I8CFactyqYij2POMSsbihA: Consumer@1400708e: tags=[[]], channel=Cached Rabbit Channel: AMQChannel(amqp://admin@127.0.0.1:5672/,2), conn: Proxy@5795bb76 Shared Rabbit Connection: SimpleConnection@68123da3 [delegate=amqp://admin@127.0.0.1:5672/, localPort=63574], acknowledgeMode=AUTO local queue size=0
2025-11-03 13:26:37.504 DEBUG [pool-2-thread-4] o.s.a.r.l.BlockingQueueConsumer - ConsumeOK: Consumer@1400708e: tags=[[amq.ctag-I8CFactyqYij2POMSsbihA]], channel=Cached Rabbit Channel: AMQChannel(amqp://admin@127.0.0.1:5672/,2), conn: Proxy@5795bb76 Shared Rabbit Connection: SimpleConnection@68123da3 [delegate=amqp://admin@127.0.0.1:5672/, localPort=63574], acknowledgeMode=AUTO local queue size=0
2025-11-03 13:26:37.535 INFO  [restartedMain] c.s.s.skillhub.SkillhubApplication - Started SkillhubApplication in 24.526 seconds (process running for 27.782)
2025-11-03 13:26:37.555 INFO  [restartedMain] c.s.s.skillhub.config.Configuration - 
=====================================================================

    Base Url: http://localhost:10020/

    Swagger Url: http://localhost:10020/swagger-ui/index.html

   Health Url: http://localhost:10020/actuator/health

=====================================================================
2025-11-03 13:26:37.557 INFO  [restartedMain] c.s.s.skillhub.SkillhubApplication - ✅ Application démarrée — test création du fichier de log
2025-11-03 13:27:53.560 INFO  [http-nio-10020-exec-7] c.s.s.s.c.a.in.web.CourseController - 📥 Incoming createCourse request: CreateCourseRequest[title=TEST third course, description=We test body response , price=20, sections=[]]
2025-11-03 13:27:53.566 INFO  [http-nio-10020-exec-7] c.s.s.s.c.a.in.web.CourseController - 🔐 Authorization header: Bearer eyJhbGciOiJSUzI1NiIsInR5cCIgOiAiS...
2025-11-03 13:27:53.567 INFO  [http-nio-10020-exec-7] c.s.s.s.c.a.in.web.CourseController - 👤 X-User-Email: marina.darde@3wa.io
2025-11-03 13:27:53.568 INFO  [http-nio-10020-exec-7] c.s.s.s.c.a.in.web.CourseController - 🧩 X-User-Roles: STUDENT,TUTOR,offline_access,uma_authorization,default-roles-skillshub
2025-11-03 13:27:53.903 WARN  [http-nio-10020-exec-7] o.z.p.spring.common.AdviceTraits - Bad Request: course-already-exists: Course entity with title TEST third course already exists
2025-11-03 13:27:53.982 WARN  [http-nio-10020-exec-7] o.s.w.s.m.m.a.ExceptionHandlerExceptionResolver - Resolved [about:blank{400, course-already-exists, Course entity with title TEST third course already exists}]
2025-11-03 13:28:59.474 INFO  [http-nio-10020-exec-1] c.s.s.s.c.a.in.web.CourseController - 📥 Incoming createCourse request: CreateCourseRequest[title=TEST fourth course , description=We test body response , price=20, sections=[]]
2025-11-03 13:28:59.474 INFO  [http-nio-10020-exec-1] c.s.s.s.c.a.in.web.CourseController - 🔐 Authorization header: Bearer eyJhbGciOiJSUzI1NiIsInR5cCIgOiAiS...
2025-11-03 13:28:59.474 INFO  [http-nio-10020-exec-1] c.s.s.s.c.a.in.web.CourseController - 👤 X-User-Email: marina.darde@3wa.io
2025-11-03 13:28:59.475 INFO  [http-nio-10020-exec-1] c.s.s.s.c.a.in.web.CourseController - 🧩 X-User-Roles: STUDENT,TUTOR,offline_access,uma_authorization,default-roles-skillshub
2025-11-03 14:27:18.450 INFO  [http-nio-10020-exec-3] c.s.s.s.c.a.in.web.CourseController - 📥 Incoming createCourse request: CreateCourseRequest[title=TEST 5 course , description=We test body response , price=20, sections=[]]
2025-11-03 14:27:18.454 INFO  [http-nio-10020-exec-3] c.s.s.s.c.a.in.web.CourseController - 🔐 Authorization header: Bearer eyJhbGciOiJSUzI1NiIsInR5cCIgOiAiS...
2025-11-03 14:27:18.455 INFO  [http-nio-10020-exec-3] c.s.s.s.c.a.in.web.CourseController - 👤 X-User-Email: marina.darde@3wa.io
2025-11-03 14:27:18.455 INFO  [http-nio-10020-exec-3] c.s.s.s.c.a.in.web.CourseController - 🧩 X-User-Roles: STUDENT,TUTOR,offline_access,uma_authorization,default-roles-skillshub
2025-11-03 14:27:18.574 WARN  [http-nio-10020-exec-3] o.h.e.jdbc.spi.SqlExceptionHelper - SQL Warning Code: 0, SQLState: 01000
2025-11-03 14:27:18.574 WARN  [http-nio-10020-exec-3] o.h.e.jdbc.spi.SqlExceptionHelper - database "course_service" has a collation version mismatch
2025-11-03 14:29:27.303 INFO  [http-nio-10020-exec-1] c.s.s.s.c.a.in.web.CourseController - 📥 Incoming createCourse request: CreateCourseRequest[title=TEST five  course , description=bla bla bla bla, price=20, sections=[]]
2025-11-03 14:29:27.304 INFO  [http-nio-10020-exec-1] c.s.s.s.c.a.in.web.CourseController - 🔐 Authorization header: Bearer eyJhbGciOiJSUzI1NiIsInR5cCIgOiAiS...
2025-11-03 14:29:27.304 INFO  [http-nio-10020-exec-1] c.s.s.s.c.a.in.web.CourseController - 👤 X-User-Email: marina.darde@3wa.io
2025-11-03 14:29:27.304 INFO  [http-nio-10020-exec-1] c.s.s.s.c.a.in.web.CourseController - 🧩 X-User-Roles: STUDENT,TUTOR,offline_access,uma_authorization,default-roles-skillshub
2025-11-03 14:44:25.524 INFO  [http-nio-10020-exec-4] c.s.s.s.c.a.in.web.CourseController - 📥 Incoming createCourse request: CreateCourseRequest[title=TEST six course , description=bla bla bla bla, price=20, sections=[]]
2025-11-03 14:44:25.526 INFO  [http-nio-10020-exec-4] c.s.s.s.c.a.in.web.CourseController - 🔐 Authorization header: Bearer eyJhbGciOiJSUzI1NiIsInR5cCIgOiAiS...
2025-11-03 14:44:25.526 INFO  [http-nio-10020-exec-4] c.s.s.s.c.a.in.web.CourseController - 👤 X-User-Email: marina.darde@3wa.io
2025-11-03 14:44:25.527 INFO  [http-nio-10020-exec-4] c.s.s.s.c.a.in.web.CourseController - 🧩 X-User-Roles: STUDENT,TUTOR,offline_access,uma_authorization,default-roles-skillshub
2025-11-03 14:47:38.983 INFO  [http-nio-10020-exec-3] c.s.s.s.c.a.in.web.CourseController - 📥 Incoming createCourse request: CreateCourseRequest[title=TEST seven course , description=bla bla bla bla, price=20, sections=[]]
2025-11-03 14:47:38.984 INFO  [http-nio-10020-exec-3] c.s.s.s.c.a.in.web.CourseController - 🔐 Authorization header: Bearer eyJhbGciOiJSUzI1NiIsInR5cCIgOiAiS...
2025-11-03 14:47:38.984 INFO  [http-nio-10020-exec-3] c.s.s.s.c.a.in.web.CourseController - 👤 X-User-Email: marina.darde@3wa.io
2025-11-03 14:47:38.984 INFO  [http-nio-10020-exec-3] c.s.s.s.c.a.in.web.CourseController - 🧩 X-User-Roles: STUDENT,TUTOR,offline_access,uma_authorization,default-roles-skillshub
2025-11-03 14:48:32.505 INFO  [http-nio-10020-exec-6] c.s.s.s.c.a.in.web.CourseController - 📥 Incoming createCourse request: CreateCourseRequest[title=TEST height course , description=bla bla bla bla, price=20, sections=[]]
2025-11-03 14:48:32.506 INFO  [http-nio-10020-exec-6] c.s.s.s.c.a.in.web.CourseController - 🔐 Authorization header: Bearer eyJhbGciOiJSUzI1NiIsInR5cCIgOiAiS...
2025-11-03 14:48:32.507 INFO  [http-nio-10020-exec-6] c.s.s.s.c.a.in.web.CourseController - 👤 X-User-Email: marina.darde@3wa.io
2025-11-03 14:48:32.507 INFO  [http-nio-10020-exec-6] c.s.s.s.c.a.in.web.CourseController - 🧩 X-User-Roles: STUDENT,TUTOR,offline_access,uma_authorization,default-roles-skillshub
2025-11-03 14:50:21.111 INFO  [http-nio-10020-exec-9] c.s.s.s.c.a.in.web.CourseController - 📥 Incoming createCourse request: CreateCourseRequest[title=TEST sixcourse , description=bla bla bla bla, price=20, sections=[]]
2025-11-03 14:50:21.112 INFO  [http-nio-10020-exec-9] c.s.s.s.c.a.in.web.CourseController - 🔐 Authorization header: Bearer eyJhbGciOiJSUzI1NiIsInR5cCIgOiAiS...
2025-11-03 14:50:21.112 INFO  [http-nio-10020-exec-9] c.s.s.s.c.a.in.web.CourseController - 👤 X-User-Email: marina.darde@3wa.io
2025-11-03 14:50:21.112 INFO  [http-nio-10020-exec-9] c.s.s.s.c.a.in.web.CourseController - 🧩 X-User-Roles: STUDENT,TUTOR,offline_access,uma_authorization,default-roles-skillshub
2025-11-03 14:55:34.530 INFO  [http-nio-10020-exec-3] c.s.s.s.c.a.in.web.CourseController - 📥 Incoming createCourse request: CreateCourseRequest[title=TEST sixcourse , description=bla bla bla bla, price=20, sections=[]]
2025-11-03 14:55:34.530 INFO  [http-nio-10020-exec-3] c.s.s.s.c.a.in.web.CourseController - 🔐 Authorization header: Bearer eyJhbGciOiJSUzI1NiIsInR5cCIgOiAiS...
2025-11-03 14:55:34.531 INFO  [http-nio-10020-exec-3] c.s.s.s.c.a.in.web.CourseController - 👤 X-User-Email: marina.darde@3wa.io
2025-11-03 14:55:34.531 INFO  [http-nio-10020-exec-3] c.s.s.s.c.a.in.web.CourseController - 🧩 X-User-Roles: STUDENT,TUTOR,offline_access,uma_authorization,default-roles-skillshub
2025-11-03 14:55:34.596 WARN  [http-nio-10020-exec-3] o.h.e.jdbc.spi.SqlExceptionHelper - SQL Warning Code: 0, SQLState: 01000
2025-11-03 14:55:34.596 WARN  [http-nio-10020-exec-3] o.h.e.jdbc.spi.SqlExceptionHelper - database "course_service" has a collation version mismatch
2025-11-03 15:09:19.844 INFO  [http-nio-10020-exec-10] c.s.s.s.c.a.in.web.CourseController - 📥 Incoming createCourse request: CreateCourseRequest[title=TEST sixcourse , description=bla bla bla bla, price=20, sections=[]]
2025-11-03 15:09:19.847 INFO  [http-nio-10020-exec-10] c.s.s.s.c.a.in.web.CourseController - 🔐 Authorization header: Bearer eyJhbGciOiJSUzI1NiIsInR5cCIgOiAiS...
2025-11-03 15:09:19.847 INFO  [http-nio-10020-exec-10] c.s.s.s.c.a.in.web.CourseController - 👤 X-User-Email: marina.darde@3wa.io
2025-11-03 15:09:19.847 INFO  [http-nio-10020-exec-10] c.s.s.s.c.a.in.web.CourseController - 🧩 X-User-Roles: STUDENT,TUTOR,offline_access,uma_authorization,default-roles-skillshub
2025-11-03 15:09:19.984 WARN  [http-nio-10020-exec-10] o.h.e.jdbc.spi.SqlExceptionHelper - SQL Warning Code: 0, SQLState: 01000
2025-11-03 15:09:19.984 WARN  [http-nio-10020-exec-10] o.h.e.jdbc.spi.SqlExceptionHelper - database "course_service" has a collation version mismatch
2025-11-03 15:09:20.008 WARN  [http-nio-10020-exec-10] o.z.p.spring.common.AdviceTraits - Bad Request: course-already-exists: Course entity with title TEST sixcourse  already exists
2025-11-03 15:09:20.022 WARN  [http-nio-10020-exec-10] o.s.w.s.m.m.a.ExceptionHandlerExceptionResolver - Resolved [about:blank{400, course-already-exists, Course entity with title TEST sixcourse  already exists}]
2025-11-03 15:10:03.891 INFO  [http-nio-10020-exec-10] c.s.s.s.c.a.in.web.CourseController - 📥 Incoming createCourse request: CreateCourseRequest[title=TEST seven course , description=bla bla bla bla, price=20, sections=[]]
2025-11-03 15:10:03.892 INFO  [http-nio-10020-exec-10] c.s.s.s.c.a.in.web.CourseController - 🔐 Authorization header: Bearer eyJhbGciOiJSUzI1NiIsInR5cCIgOiAiS...
2025-11-03 15:10:03.892 INFO  [http-nio-10020-exec-10] c.s.s.s.c.a.in.web.CourseController - 👤 X-User-Email: marina.darde@3wa.io
2025-11-03 15:10:03.892 INFO  [http-nio-10020-exec-10] c.s.s.s.c.a.in.web.CourseController - 🧩 X-User-Roles: STUDENT,TUTOR,offline_access,uma_authorization,default-roles-skillshub
2025-11-03 15:38:53.734 INFO  [http-nio-10020-exec-8] c.s.s.s.c.a.in.web.CourseController - 📥 Incoming createCourse request: CreateCourseRequest[title=TEST height course , description=bla bla bla bla, price=20, sections=[]]
2025-11-03 15:38:53.736 INFO  [http-nio-10020-exec-8] c.s.s.s.c.a.in.web.CourseController - 🔐 Authorization header: Bearer eyJhbGciOiJSUzI1NiIsInR5cCIgOiAiS...
2025-11-03 15:38:53.736 INFO  [http-nio-10020-exec-8] c.s.s.s.c.a.in.web.CourseController - 👤 X-User-Email: marina.darde@3wa.io
2025-11-03 15:38:53.736 INFO  [http-nio-10020-exec-8] c.s.s.s.c.a.in.web.CourseController - 🧩 X-User-Roles: STUDENT,TUTOR,offline_access,uma_authorization,default-roles-skillshub
2025-11-03 15:38:53.877 WARN  [http-nio-10020-exec-8] o.h.e.jdbc.spi.SqlExceptionHelper - SQL Warning Code: 0, SQLState: 01000
2025-11-03 15:38:53.877 WARN  [http-nio-10020-exec-8] o.h.e.jdbc.spi.SqlExceptionHelper - database "course_service" has a collation version mismatch
2025-11-03 15:42:23.255 INFO  [http-nio-10020-exec-4] c.s.s.s.c.a.in.web.CourseController - 📥 Incoming createCourse request: CreateCourseRequest[title=TEST height course , description=bla bla bla bla, price=20, sections=[]]
2025-11-03 15:42:23.256 INFO  [http-nio-10020-exec-4] c.s.s.s.c.a.in.web.CourseController - 🔐 Authorization header: Bearer eyJhbGciOiJSUzI1NiIsInR5cCIgOiAiS...
2025-11-03 15:42:23.256 INFO  [http-nio-10020-exec-4] c.s.s.s.c.a.in.web.CourseController - 👤 X-User-Email: marina.darde@3wa.io
2025-11-03 15:42:23.256 INFO  [http-nio-10020-exec-4] c.s.s.s.c.a.in.web.CourseController - 🧩 X-User-Roles: STUDENT,TUTOR,offline_access,uma_authorization,default-roles-skillshub
2025-11-03 15:47:51.015 INFO  [http-nio-10020-exec-10] c.s.s.s.c.a.in.web.CourseController - 📥 Incoming createCourse request: CreateCourseRequest[title=TEST height course , description=bla bla bla bla, price=20, sections=[]]
2025-11-03 15:47:51.015 INFO  [http-nio-10020-exec-10] c.s.s.s.c.a.in.web.CourseController - 🔐 Authorization header: Bearer eyJhbGciOiJSUzI1NiIsInR5cCIgOiAiS...
2025-11-03 15:47:51.015 INFO  [http-nio-10020-exec-10] c.s.s.s.c.a.in.web.CourseController - 👤 X-User-Email: marina.darde@3wa.io
2025-11-03 15:47:51.015 INFO  [http-nio-10020-exec-10] c.s.s.s.c.a.in.web.CourseController - 🧩 X-User-Roles: STUDENT,TUTOR,offline_access,uma_authorization,default-roles-skillshub
2025-11-03 16:02:47.531 INFO  [http-nio-10020-exec-1] c.s.s.s.c.a.in.web.CourseController - 📥 Incoming createCourse request: CreateCourseRequest[title=TEST height course , description=bla bla bla bla, price=20, sections=[]]
2025-11-03 16:02:47.535 INFO  [http-nio-10020-exec-1] c.s.s.s.c.a.in.web.CourseController - 🔐 Authorization header: Bearer eyJhbGciOiJSUzI1NiIsInR5cCIgOiAiS...
2025-11-03 16:02:47.535 INFO  [http-nio-10020-exec-1] c.s.s.s.c.a.in.web.CourseController - 👤 X-User-Email: marina.darde@3wa.io
2025-11-03 16:02:47.535 INFO  [http-nio-10020-exec-1] c.s.s.s.c.a.in.web.CourseController - 🧩 X-User-Roles: STUDENT,TUTOR,offline_access,uma_authorization,default-roles-skillshub
2025-11-03 16:02:47.646 WARN  [http-nio-10020-exec-1] o.h.e.jdbc.spi.SqlExceptionHelper - SQL Warning Code: 0, SQLState: 01000
2025-11-03 16:02:47.646 WARN  [http-nio-10020-exec-1] o.h.e.jdbc.spi.SqlExceptionHelper - database "course_service" has a collation version mismatch
2025-11-03 16:14:43.802 INFO  [http-nio-10020-exec-5] c.s.s.s.c.a.in.web.CourseController - 📥 Incoming createCourse request: CreateCourseRequest[title=test course title nine, description=corse body test, price=10, sections=[]]
2025-11-03 16:14:43.802 INFO  [http-nio-10020-exec-5] c.s.s.s.c.a.in.web.CourseController - 🔐 Authorization header: Bearer eyJhbGciOiJSUzI1NiIsInR5cCIgOiAiS...
2025-11-03 16:14:43.802 INFO  [http-nio-10020-exec-5] c.s.s.s.c.a.in.web.CourseController - 👤 X-User-Email: marina.darde@3wa.io
2025-11-03 16:14:43.802 INFO  [http-nio-10020-exec-5] c.s.s.s.c.a.in.web.CourseController - 🧩 X-User-Roles: STUDENT,TUTOR,offline_access,uma_authorization,default-roles-skillshub
2025-11-03 16:20:18.347 DEBUG [SpringApplicationShutdownHook] o.s.a.r.l.SimpleMessageListenerContainer - Shutting down Rabbit listener container
2025-11-03 16:20:18.404 DEBUG [SpringApplicationShutdownHook] o.s.a.r.l.SimpleMessageListenerContainer - Shutting down Rabbit listener container
2025-11-03 16:20:18.406 INFO  [org.springframework.amqp.rabbit.RabbitListenerEndpointContainer#0-2] o.s.a.r.l.SimpleMessageListenerContainer - Waiting for workers to finish.
2025-11-03 16:20:18.412 INFO  [org.springframework.amqp.rabbit.RabbitListenerEndpointContainer#1-2] o.s.a.r.l.SimpleMessageListenerContainer - Waiting for workers to finish.
2025-11-03 16:20:18.415 DEBUG [pool-2-thread-6] o.s.a.r.l.BlockingQueueConsumer - Received cancelOk for tag amq.ctag-I8CFactyqYij2POMSsbihA (course.media.uploaded.queue); Consumer@1400708e: tags=[[amq.ctag-I8CFactyqYij2POMSsbihA]], channel=Cached Rabbit Channel: AMQChannel(amqp://admin@127.0.0.1:5672/,2), conn: Proxy@5795bb76 Shared Rabbit Connection: SimpleConnection@68123da3 [delegate=amqp://admin@127.0.0.1:5672/, localPort=63574], acknowledgeMode=AUTO local queue size=0
2025-11-03 16:20:18.415 DEBUG [pool-2-thread-5] o.s.a.r.l.BlockingQueueConsumer - Received cancelOk for tag amq.ctag-f3V1DhX4Gf63_Fu5TWQFpA (course.media.metadata.extracted.queue); Consumer@11602ee4: tags=[[amq.ctag-f3V1DhX4Gf63_Fu5TWQFpA]], channel=Cached Rabbit Channel: AMQChannel(amqp://admin@127.0.0.1:5672/,1), conn: Proxy@5795bb76 Shared Rabbit Connection: SimpleConnection@68123da3 [delegate=amqp://admin@127.0.0.1:5672/, localPort=63574], acknowledgeMode=AUTO local queue size=0
2025-11-03 16:20:18.575 INFO  [org.springframework.amqp.rabbit.RabbitListenerEndpointContainer#0-2] o.s.a.r.l.SimpleMessageListenerContainer - Successfully waited for workers to finish.
2025-11-03 16:20:18.576 DEBUG [org.springframework.amqp.rabbit.RabbitListenerEndpointContainer#0-1] o.s.a.r.l.SimpleMessageListenerContainer - Cancelling Consumer@11602ee4: tags=[[amq.ctag-f3V1DhX4Gf63_Fu5TWQFpA]], channel=Cached Rabbit Channel: AMQChannel(amqp://admin@127.0.0.1:5672/,1), conn: Proxy@5795bb76 Shared Rabbit Connection: SimpleConnection@68123da3 [delegate=amqp://admin@127.0.0.1:5672/, localPort=63574], acknowledgeMode=AUTO local queue size=0
2025-11-03 16:20:18.576 DEBUG [org.springframework.amqp.rabbit.RabbitListenerEndpointContainer#0-1] o.s.a.r.l.BlockingQueueConsumer - Closing Rabbit Channel: Cached Rabbit Channel: AMQChannel(amqp://admin@127.0.0.1:5672/,1), conn: Proxy@5795bb76 Shared Rabbit Connection: SimpleConnection@68123da3 [delegate=amqp://admin@127.0.0.1:5672/, localPort=63574]
2025-11-03 16:20:18.576 DEBUG [org.springframework.amqp.rabbit.RabbitListenerEndpointContainer#0-1] o.s.a.r.c.CachingConnectionFactory - Closing cached Channel: AMQChannel(amqp://admin@127.0.0.1:5672/,1)
2025-11-03 16:20:18.978 INFO  [org.springframework.amqp.rabbit.RabbitListenerEndpointContainer#1-2] o.s.a.r.l.SimpleMessageListenerContainer - Successfully waited for workers to finish.
2025-11-03 16:20:18.978 DEBUG [org.springframework.amqp.rabbit.RabbitListenerEndpointContainer#1-1] o.s.a.r.l.SimpleMessageListenerContainer - Cancelling Consumer@1400708e: tags=[[amq.ctag-I8CFactyqYij2POMSsbihA]], channel=Cached Rabbit Channel: AMQChannel(amqp://admin@127.0.0.1:5672/,2), conn: Proxy@5795bb76 Shared Rabbit Connection: SimpleConnection@68123da3 [delegate=amqp://admin@127.0.0.1:5672/, localPort=63574], acknowledgeMode=AUTO local queue size=0
2025-11-03 16:20:18.979 DEBUG [org.springframework.amqp.rabbit.RabbitListenerEndpointContainer#1-1] o.s.a.r.l.BlockingQueueConsumer - Closing Rabbit Channel: Cached Rabbit Channel: AMQChannel(amqp://admin@127.0.0.1:5672/,2), conn: Proxy@5795bb76 Shared Rabbit Connection: SimpleConnection@68123da3 [delegate=amqp://admin@127.0.0.1:5672/, localPort=63574]
2025-11-03 16:20:18.979 DEBUG [org.springframework.amqp.rabbit.RabbitListenerEndpointContainer#1-1] o.s.a.r.c.CachingConnectionFactory - Closing cached Channel: AMQChannel(amqp://admin@127.0.0.1:5672/,2)
2025-11-03 16:20:18.984 INFO  [SpringApplicationShutdownHook] o.s.b.w.e.tomcat.GracefulShutdown - Commencing graceful shutdown. Waiting for active requests to complete
2025-11-03 16:20:19.010 INFO  [tomcat-shutdown] o.s.b.w.e.tomcat.GracefulShutdown - Graceful shutdown complete
2025-11-03 16:20:19.058 DEBUG [SpringApplicationShutdownHook] o.s.a.r.l.SimpleMessageListenerContainer - Shutdown ignored - container is not active already
2025-11-03 16:20:19.059 DEBUG [SpringApplicationShutdownHook] o.s.a.r.l.SimpleMessageListenerContainer - Shutdown ignored - container is not active already
2025-11-03 16:20:19.084 INFO  [SpringApplicationShutdownHook] o.s.o.j.LocalContainerEntityManagerFactoryBean - Closing JPA EntityManagerFactory for persistence unit 'storagePU'
2025-11-03 16:20:19.091 INFO  [SpringApplicationShutdownHook] o.s.o.j.LocalContainerEntityManagerFactoryBean - Closing JPA EntityManagerFactory for persistence unit 'coursePU'
2025-11-03 16:20:19.091 INFO  [SpringApplicationShutdownHook] com.zaxxer.hikari.HikariDataSource - HikariPool-2 - Shutdown initiated...
2025-11-03 16:20:19.102 INFO  [SpringApplicationShutdownHook] com.zaxxer.hikari.HikariDataSource - HikariPool-2 - Shutdown completed.
2025-11-03 16:20:19.103 INFO  [SpringApplicationShutdownHook] com.zaxxer.hikari.HikariDataSource - HikariPool-1 - Shutdown initiated...
2025-11-03 16:20:19.111 INFO  [SpringApplicationShutdownHook] com.zaxxer.hikari.HikariDataSource - HikariPool-1 - Shutdown completed.
2025-11-03 16:20:32.016 INFO  [background-preinit] o.h.validator.internal.util.Version - HV000001: Hibernate Validator 8.0.2.Final
2025-11-03 16:20:32.111 INFO  [restartedMain] c.s.s.skillhub.SkillhubApplication - Starting SkillhubApplication using Java 21.0.4 with PID 6280 (C:\Users\Utilisateur\Documents\PROJET\e-learning-monolith-back\target\classes started by Utilisateur in C:\Users\Utilisateur\Documents\PROJET\e-learning-monolith-back)
2025-11-03 16:20:32.111 DEBUG [restartedMain] c.s.s.skillhub.SkillhubApplication - Running with Spring Boot v3.4.2, Spring v6.2.2
2025-11-03 16:20:32.115 INFO  [restartedMain] c.s.s.skillhub.SkillhubApplication - The following 1 profile is active: "usage_message"
2025-11-03 16:20:32.199 INFO  [restartedMain] o.s.b.d.e.DevToolsPropertyDefaultsPostProcessor - Devtools property defaults active! Set 'spring.devtools.add-properties' to 'false' to disable
2025-11-03 16:20:32.199 INFO  [restartedMain] o.s.b.d.e.DevToolsPropertyDefaultsPostProcessor - For additional web related logging consider setting the 'logging.level.web' property to 'DEBUG'
2025-11-03 16:20:34.763 INFO  [restartedMain] o.s.d.r.c.RepositoryConfigurationDelegate - Bootstrapping Spring Data JPA repositories in DEFAULT mode.
2025-11-03 16:20:34.867 INFO  [restartedMain] o.s.d.r.c.RepositoryConfigurationDelegate - Finished Spring Data repository scanning in 90 ms. Found 3 JPA repository interfaces.
2025-11-03 16:20:34.880 INFO  [restartedMain] o.s.d.r.c.RepositoryConfigurationDelegate - Bootstrapping Spring Data JPA repositories in DEFAULT mode.
2025-11-03 16:20:34.896 INFO  [restartedMain] o.s.d.r.c.RepositoryConfigurationDelegate - Finished Spring Data repository scanning in 13 ms. Found 1 JPA repository interface.
2025-11-03 16:20:36.378 INFO  [restartedMain] o.s.cloud.context.scope.GenericScope - BeanFactory id=139c2a9e-a0c2-3e9f-924b-1bf85d85e945
2025-11-03 16:20:38.882 INFO  [restartedMain] o.s.b.w.e.tomcat.TomcatWebServer - Tomcat initialized with port 10020 (http)
2025-11-03 16:20:38.934 INFO  [restartedMain] o.a.coyote.http11.Http11NioProtocol - Initializing ProtocolHandler ["http-nio-10020"]
2025-11-03 16:20:38.940 INFO  [restartedMain] o.a.catalina.core.StandardService - Starting service [Tomcat]
2025-11-03 16:20:38.941 INFO  [restartedMain] o.a.catalina.core.StandardEngine - Starting Servlet engine: [Apache Tomcat/10.1.34]
2025-11-03 16:20:39.271 INFO  [restartedMain] o.a.c.c.C.[Tomcat].[localhost].[/] - Initializing Spring embedded WebApplicationContext
2025-11-03 16:20:39.273 INFO  [restartedMain] o.s.b.w.s.c.ServletWebServerApplicationContext - Root WebApplicationContext: initialization completed in 7072 ms
2025-11-03 16:20:40.016 INFO  [restartedMain] com.zaxxer.hikari.HikariDataSource - HikariPool-1 - Starting...
2025-11-03 16:20:40.380 INFO  [restartedMain] com.zaxxer.hikari.pool.HikariPool - HikariPool-1 - Added connection org.postgresql.jdbc.PgConnection@7d3b9d30
2025-11-03 16:20:40.386 INFO  [restartedMain] com.zaxxer.hikari.HikariDataSource - HikariPool-1 - Start completed.
2025-11-03 16:20:40.777 INFO  [restartedMain] liquibase.database - Set default schema name to public
2025-11-03 16:20:41.661 INFO  [restartedMain] liquibase.changelog - Reading from public.databasechangelog
2025-11-03 16:20:41.764 INFO  [restartedMain] liquibase.ui - Database is up to date, no changesets to execute
2025-11-03 16:20:41.769 INFO  [restartedMain] liquibase.changelog - Reading from public.databasechangelog
2025-11-03 16:20:41.783 INFO  [restartedMain] liquibase.util - UPDATE SUMMARY
2025-11-03 16:20:41.783 INFO  [restartedMain] liquibase.util - Run:                          0
2025-11-03 16:20:41.783 INFO  [restartedMain] liquibase.util - Previously run:               5
2025-11-03 16:20:41.783 INFO  [restartedMain] liquibase.util - Filtered out:                 0
2025-11-03 16:20:41.787 INFO  [restartedMain] liquibase.util - -------------------------------
2025-11-03 16:20:41.787 INFO  [restartedMain] liquibase.util - Total change sets:            5
2025-11-03 16:20:41.787 INFO  [restartedMain] liquibase.util - Update summary generated
2025-11-03 16:20:41.787 INFO  [restartedMain] liquibase.command - Command execution complete
2025-11-03 16:20:41.812 INFO  [restartedMain] com.zaxxer.hikari.HikariDataSource - HikariPool-2 - Starting...
2025-11-03 16:20:41.863 INFO  [restartedMain] com.zaxxer.hikari.pool.HikariPool - HikariPool-2 - Added connection org.postgresql.jdbc.PgConnection@35cd43bf
2025-11-03 16:20:41.864 INFO  [restartedMain] com.zaxxer.hikari.HikariDataSource - HikariPool-2 - Start completed.
2025-11-03 16:20:42.057 INFO  [restartedMain] liquibase.changelog - Reading from public.databasechangelog
2025-11-03 16:20:42.139 INFO  [restartedMain] liquibase.ui - Database is up to date, no changesets to execute
2025-11-03 16:20:42.143 INFO  [restartedMain] liquibase.changelog - Reading from public.databasechangelog
2025-11-03 16:20:42.148 INFO  [restartedMain] liquibase.util - UPDATE SUMMARY
2025-11-03 16:20:42.148 INFO  [restartedMain] liquibase.util - Run:                          0
2025-11-03 16:20:42.148 INFO  [restartedMain] liquibase.util - Previously run:               6
2025-11-03 16:20:42.148 INFO  [restartedMain] liquibase.util - Filtered out:                 0
2025-11-03 16:20:42.148 INFO  [restartedMain] liquibase.util - -------------------------------
2025-11-03 16:20:42.148 INFO  [restartedMain] liquibase.util - Total change sets:            6
2025-11-03 16:20:42.148 INFO  [restartedMain] liquibase.util - Update summary generated
2025-11-03 16:20:42.148 INFO  [restartedMain] liquibase.command - Command execution complete
2025-11-03 16:20:42.249 INFO  [restartedMain] o.h.jpa.internal.util.LogHelper - HHH000204: Processing PersistenceUnitInfo [name: coursePU]
2025-11-03 16:20:42.451 INFO  [restartedMain] org.hibernate.Version - HHH000412: Hibernate ORM core version 6.6.5.Final
2025-11-03 16:20:42.538 INFO  [restartedMain] o.h.c.i.RegionFactoryInitiator - HHH000026: Second-level cache disabled
2025-11-03 16:20:43.366 INFO  [restartedMain] o.s.o.j.p.SpringPersistenceUnitInfo - No LoadTimeWeaver setup: ignoring JPA class transformer
2025-11-03 16:20:43.564 INFO  [restartedMain] o.hibernate.orm.connections.pooling - HHH10001005: Database info:
	Database JDBC URL [Connecting through datasource 'HikariDataSource (HikariPool-2)']
	Database driver: undefined/unknown
	Database version: 15.14
	Autocommit mode: undefined/unknown
	Isolation level: undefined/unknown
	Minimum pool size: undefined/unknown
	Maximum pool size: undefined/unknown
2025-11-03 16:20:45.694 INFO  [restartedMain] o.h.e.t.j.p.i.JtaPlatformInitiator - HHH000489: No JTA platform available (set 'hibernate.transaction.jta.platform' to enable JTA platform integration)
2025-11-03 16:20:45.707 INFO  [restartedMain] o.s.o.j.LocalContainerEntityManagerFactoryBean - Initialized JPA EntityManagerFactory for persistence unit 'coursePU'
2025-11-03 16:20:45.787 INFO  [restartedMain] o.h.jpa.internal.util.LogHelper - HHH000204: Processing PersistenceUnitInfo [name: storagePU]
2025-11-03 16:20:45.808 INFO  [restartedMain] o.h.c.i.RegionFactoryInitiator - HHH000026: Second-level cache disabled
2025-11-03 16:20:46.294 INFO  [restartedMain] o.s.o.j.p.SpringPersistenceUnitInfo - No LoadTimeWeaver setup: ignoring JPA class transformer
2025-11-03 16:20:46.309 INFO  [restartedMain] o.hibernate.orm.connections.pooling - HHH10001005: Database info:
	Database JDBC URL [Connecting through datasource 'HikariDataSource (HikariPool-1)']
	Database driver: undefined/unknown
	Database version: 15.14
	Autocommit mode: undefined/unknown
	Isolation level: undefined/unknown
	Minimum pool size: undefined/unknown
	Maximum pool size: undefined/unknown
2025-11-03 16:20:46.513 INFO  [restartedMain] o.h.e.t.j.p.i.JtaPlatformInitiator - HHH000489: No JTA platform available (set 'hibernate.transaction.jta.platform' to enable JTA platform integration)
2025-11-03 16:20:46.513 INFO  [restartedMain] o.s.o.j.LocalContainerEntityManagerFactoryBean - Initialized JPA EntityManagerFactory for persistence unit 'storagePU'
2025-11-03 16:20:47.747 INFO  [restartedMain] o.s.d.j.r.query.QueryEnhancerFactory - Hibernate is in classpath; If applicable, HQL parser will be used.
2025-11-03 16:20:50.165 WARN  [restartedMain] com.amazonaws.util.VersionInfoUtils - The AWS SDK for Java 1.x entered maintenance mode starting July 31, 2024 and will reach end of support on December 31, 2025. For more information, see https://aws.amazon.com/blogs/developer/the-aws-sdk-for-java-1-x-is-in-maintenance-mode-effective-july-31-2024/
You can print where on the file system the AWS SDK for Java 1.x core runtime is located by setting the AWS_JAVA_V1_PRINT_LOCATION environment variable or aws.java.v1.printLocation system property to 'true'.
This message can be disabled by setting the AWS_JAVA_V1_DISABLE_DEPRECATION_ANNOUNCEMENT environment variable or aws.java.v1.disableDeprecationAnnouncement system property to 'true'.
The AWS SDK for Java 1.x is being used here:
at java.base/java.lang.Thread.getStackTrace(Thread.java:2450)
at com.amazonaws.util.VersionInfoUtils.printDeprecationAnnouncement(VersionInfoUtils.java:81)
at com.amazonaws.util.VersionInfoUtils.<clinit>(VersionInfoUtils.java:59)
at com.amazonaws.internal.EC2ResourceFetcher.<clinit>(EC2ResourceFetcher.java:44)
at com.amazonaws.auth.InstanceMetadataServiceCredentialsFetcher.<init>(InstanceMetadataServiceCredentialsFetcher.java:38)
at com.amazonaws.auth.InstanceProfileCredentialsProvider.<init>(InstanceProfileCredentialsProvider.java:111)
at com.amazonaws.auth.InstanceProfileCredentialsProvider.<init>(InstanceProfileCredentialsProvider.java:91)
at com.amazonaws.auth.InstanceProfileCredentialsProvider.<init>(InstanceProfileCredentialsProvider.java:75)
at com.amazonaws.auth.InstanceProfileCredentialsProvider.<clinit>(InstanceProfileCredentialsProvider.java:58)
at com.amazonaws.auth.EC2ContainerCredentialsProviderWrapper.initializeProvider(EC2ContainerCredentialsProviderWrapper.java:66)
at com.amazonaws.auth.EC2ContainerCredentialsProviderWrapper.<init>(EC2ContainerCredentialsProviderWrapper.java:55)
at com.amazonaws.auth.DefaultAWSCredentialsProviderChain.<init>(DefaultAWSCredentialsProviderChain.java:60)
at com.amazonaws.auth.DefaultAWSCredentialsProviderChain.<clinit>(DefaultAWSCredentialsProviderChain.java:54)
at com.amazonaws.services.s3.AmazonS3ClientBuilder.standard(AmazonS3ClientBuilder.java:46)
at com.simplon_project.skillhub.skillhub.storage.config.s3.AmazonS3Config.amazonS3(AmazonS3Config.java:49)
at com.simplon_project.skillhub.skillhub.storage.config.s3.AmazonS3Config$$SpringCGLIB$$0.CGLIB$amazonS3$0(<generated>)
at com.simplon_project.skillhub.skillhub.storage.config.s3.AmazonS3Config$$SpringCGLIB$$FastClass$$1.invoke(<generated>)
at org.springframework.cglib.proxy.MethodProxy.invokeSuper(MethodProxy.java:258)
at org.springframework.context.annotation.ConfigurationClassEnhancer$BeanMethodInterceptor.intercept(ConfigurationClassEnhancer.java:348)
at com.simplon_project.skillhub.skillhub.storage.config.s3.AmazonS3Config$$SpringCGLIB$$0.amazonS3(<generated>)
at java.base/jdk.internal.reflect.DirectMethodHandleAccessor.invoke(DirectMethodHandleAccessor.java:103)
at java.base/java.lang.reflect.Method.invoke(Method.java:580)
at org.springframework.beans.factory.support.SimpleInstantiationStrategy.lambda$instantiate$0(SimpleInstantiationStrategy.java:171)
at org.springframework.beans.factory.support.SimpleInstantiationStrategy.instantiateWithFactoryMethod(SimpleInstantiationStrategy.java:88)
at org.springframework.beans.factory.support.SimpleInstantiationStrategy.instantiate(SimpleInstantiationStrategy.java:168)
at org.springframework.beans.factory.support.ConstructorResolver.instantiate(ConstructorResolver.java:653)
at org.springframework.beans.factory.support.ConstructorResolver.instantiateUsingFactoryMethod(ConstructorResolver.java:489)
at org.springframework.beans.factory.support.AbstractAutowireCapableBeanFactory.instantiateUsingFactoryMethod(AbstractAutowireCapableBeanFactory.java:1361)
at org.springframework.beans.factory.support.AbstractAutowireCapableBeanFactory.createBeanInstance(AbstractAutowireCapableBeanFactory.java:1191)
at org.springframework.beans.factory.support.AbstractAutowireCapableBeanFactory.doCreateBean(AbstractAutowireCapableBeanFactory.java:563)
at org.springframework.beans.factory.support.AbstractAutowireCapableBeanFactory.createBean(AbstractAutowireCapableBeanFactory.java:523)
at org.springframework.beans.factory.support.AbstractBeanFactory.lambda$doGetBean$0(AbstractBeanFactory.java:336)
at org.springframework.beans.factory.support.DefaultSingletonBeanRegistry.getSingleton(DefaultSingletonBeanRegistry.java:307)
at org.springframework.beans.factory.support.AbstractBeanFactory.doGetBean(AbstractBeanFactory.java:334)
at org.springframework.beans.factory.support.AbstractBeanFactory.getBean(AbstractBeanFactory.java:199)
at org.springframework.beans.factory.config.DependencyDescriptor.resolveCandidate(DependencyDescriptor.java:254)
at org.springframework.beans.factory.support.DefaultListableBeanFactory.doResolveDependency(DefaultListableBeanFactory.java:1631)
at org.springframework.beans.factory.support.DefaultListableBeanFactory.resolveDependency(DefaultListableBeanFactory.java:1519)
at org.springframework.beans.factory.support.ConstructorResolver.resolveAutowiredArgument(ConstructorResolver.java:913)
at org.springframework.beans.factory.support.ConstructorResolver.createArgumentArray(ConstructorResolver.java:791)
at org.springframework.beans.factory.support.ConstructorResolver.autowireConstructor(ConstructorResolver.java:240)
at org.springframework.beans.factory.support.AbstractAutowireCapableBeanFactory.autowireConstructor(AbstractAutowireCapableBeanFactory.java:1381)
at org.springframework.beans.factory.support.AbstractAutowireCapableBeanFactory.createBeanInstance(AbstractAutowireCapableBeanFactory.java:1218)
at org.springframework.beans.factory.support.AbstractAutowireCapableBeanFactory.doCreateBean(AbstractAutowireCapableBeanFactory.java:563)
at org.springframework.beans.factory.support.AbstractAutowireCapableBeanFactory.createBean(AbstractAutowireCapableBeanFactory.java:523)
at org.springframework.beans.factory.support.AbstractBeanFactory.lambda$doGetBean$0(AbstractBeanFactory.java:336)
at org.springframework.beans.factory.support.DefaultSingletonBeanRegistry.getSingleton(DefaultSingletonBeanRegistry.java:307)
at org.springframework.beans.factory.support.AbstractBeanFactory.doGetBean(AbstractBeanFactory.java:334)
at org.springframework.beans.factory.support.AbstractBeanFactory.getBean(AbstractBeanFactory.java:199)
at org.springframework.beans.factory.config.DependencyDescriptor.resolveCandidate(DependencyDescriptor.java:254)
at org.springframework.beans.factory.support.DefaultListableBeanFactory.doResolveDependency(DefaultListableBeanFactory.java:1631)
at org.springframework.beans.factory.support.DefaultListableBeanFactory.resolveDependency(DefaultListableBeanFactory.java:1519)
at org.springframework.beans.factory.support.ConstructorResolver.resolveAutowiredArgument(ConstructorResolver.java:913)
at org.springframework.beans.factory.support.ConstructorResolver.createArgumentArray(ConstructorResolver.java:791)
at org.springframework.beans.factory.support.ConstructorResolver.autowireConstructor(ConstructorResolver.java:240)
at org.springframework.beans.factory.support.AbstractAutowireCapableBeanFactory.autowireConstructor(AbstractAutowireCapableBeanFactory.java:1381)
at org.springframework.beans.factory.support.AbstractAutowireCapableBeanFactory.createBeanInstance(AbstractAutowireCapableBeanFactory.java:1218)
at org.springframework.beans.factory.support.AbstractAutowireCapableBeanFactory.doCreateBean(AbstractAutowireCapableBeanFactory.java:563)
at org.springframework.beans.factory.support.AbstractAutowireCapableBeanFactory.createBean(AbstractAutowireCapableBeanFactory.java:523)
at org.springframework.beans.factory.support.AbstractBeanFactory.lambda$doGetBean$0(AbstractBeanFactory.java:336)
at org.springframework.beans.factory.support.DefaultSingletonBeanRegistry.getSingleton(DefaultSingletonBeanRegistry.java:307)
at org.springframework.beans.factory.support.AbstractBeanFactory.doGetBean(AbstractBeanFactory.java:334)
at org.springframework.beans.factory.support.AbstractBeanFactory.getBean(AbstractBeanFactory.java:199)
at org.springframework.beans.factory.config.DependencyDescriptor.resolveCandidate(DependencyDescriptor.java:254)
at org.springframework.beans.factory.support.DefaultListableBeanFactory.doResolveDependency(DefaultListableBeanFactory.java:1631)
at org.springframework.beans.factory.support.DefaultListableBeanFactory.resolveDependency(DefaultListableBeanFactory.java:1519)
at org.springframework.beans.factory.support.ConstructorResolver.resolveAutowiredArgument(ConstructorResolver.java:913)
at org.springframework.beans.factory.support.ConstructorResolver.createArgumentArray(ConstructorResolver.java:791)
at org.springframework.beans.factory.support.ConstructorResolver.autowireConstructor(ConstructorResolver.java:240)
at org.springframework.beans.factory.support.AbstractAutowireCapableBeanFactory.autowireConstructor(AbstractAutowireCapableBeanFactory.java:1381)
at org.springframework.beans.factory.support.AbstractAutowireCapableBeanFactory.createBeanInstance(AbstractAutowireCapableBeanFactory.java:1218)
at org.springframework.beans.factory.support.AbstractAutowireCapableBeanFactory.doCreateBean(AbstractAutowireCapableBeanFactory.java:563)
at org.springframework.beans.factory.support.AbstractAutowireCapableBeanFactory.createBean(AbstractAutowireCapableBeanFactory.java:523)
at org.springframework.beans.factory.support.AbstractBeanFactory.lambda$doGetBean$0(AbstractBeanFactory.java:336)
at org.springframework.beans.factory.support.DefaultSingletonBeanRegistry.getSingleton(DefaultSingletonBeanRegistry.java:307)
at org.springframework.beans.factory.support.AbstractBeanFactory.doGetBean(AbstractBeanFactory.java:334)
at org.springframework.beans.factory.support.AbstractBeanFactory.getBean(AbstractBeanFactory.java:199)
at org.springframework.beans.factory.support.DefaultListableBeanFactory.instantiateSingleton(DefaultListableBeanFactory.java:1122)
at org.springframework.beans.factory.support.DefaultListableBeanFactory.preInstantiateSingleton(DefaultListableBeanFactory.java:1093)
at org.springframework.beans.factory.support.DefaultListableBeanFactory.preInstantiateSingletons(DefaultListableBeanFactory.java:1030)
at org.springframework.context.support.AbstractApplicationContext.finishBeanFactoryInitialization(AbstractApplicationContext.java:987)
at org.springframework.context.support.AbstractApplicationContext.refresh(AbstractApplicationContext.java:627)
at org.springframework.boot.web.servlet.context.ServletWebServerApplicationContext.refresh(ServletWebServerApplicationContext.java:146)
at org.springframework.boot.SpringApplication.refresh(SpringApplication.java:752)
at org.springframework.boot.SpringApplication.refreshContext(SpringApplication.java:439)
at org.springframework.boot.SpringApplication.run(SpringApplication.java:318)
at org.springframework.boot.SpringApplication.run(SpringApplication.java:1361)
at org.springframework.boot.SpringApplication.run(SpringApplication.java:1350)
at com.simplon_project.skillhub.skillhub.SkillhubApplication.main(SkillhubApplication.java:14)
at java.base/jdk.internal.reflect.DirectMethodHandleAccessor.invoke(DirectMethodHandleAccessor.java:103)
at java.base/java.lang.reflect.Method.invoke(Method.java:580)
at org.springframework.boot.devtools.restart.RestartLauncher.run(RestartLauncher.java:50)
2025-11-03 16:20:51.786 WARN  [restartedMain] o.s.b.a.s.s.UserDetailsServiceAutoConfiguration - 

Using generated security password: 01e11fb6-1dd8-49f5-9557-9517027cb917

This generated password is for development use only. Your security configuration must be updated before running your application in production.

2025-11-03 16:20:51.812 INFO  [restartedMain] o.s.s.c.a.a.c.InitializeUserDetailsBeanManagerConfigurer$InitializeUserDetailsManagerConfigurer - Global AuthenticationManager configured with UserDetailsService bean with name inMemoryUserDetailsManager
2025-11-03 16:20:53.014 INFO  [restartedMain] o.s.b.a.e.web.EndpointLinksResolver - Exposing 3 endpoints beneath base path '/actuator'
2025-11-03 16:20:54.622 INFO  [restartedMain] o.s.b.a.h.H2ConsoleAutoConfiguration - H2 console available at '/h2-console'. Databases available at 'jdbc:postgresql://localhost:5433/course_service', 'jdbc:postgresql://localhost:5434/storage_service'
2025-11-03 16:20:54.887 INFO  [restartedMain] o.s.b.d.a.OptionalLiveReloadServer - LiveReload server is running on port 35729
2025-11-03 16:20:55.123 DEBUG [restartedMain] o.s.a.r.l.a.MessagingMessageListenerAdapter - Inferred argument type for public void com.simplon_project.skillhub.skillhub.course.adapter.messaging.listeners.VideoMetadataExtractListener.handle(com.simplon_project.skillhub.skillhub.course.adapter.messaging.events.VideoMetadataExtractedEvent) is class com.simplon_project.skillhub.skillhub.course.adapter.messaging.events.VideoMetadataExtractedEvent
2025-11-03 16:20:55.147 DEBUG [restartedMain] o.s.a.r.l.SimpleMessageListenerContainer - No global properties bean
2025-11-03 16:20:55.148 DEBUG [restartedMain] o.s.a.r.l.SimpleMessageListenerContainer - No global properties bean
2025-11-03 16:20:55.149 DEBUG [restartedMain] o.s.a.r.l.a.MessagingMessageListenerAdapter - Inferred argument type for public void com.simplon_project.skillhub.skillhub.course.adapter.messaging.listeners.VideoUploadedListener.handle(com.simplon_project.skillhub.skillhub.course.adapter.messaging.events.VideoUploadedEvent) is class com.simplon_project.skillhub.skillhub.course.adapter.messaging.events.VideoUploadedEvent
2025-11-03 16:20:55.150 DEBUG [restartedMain] o.s.a.r.l.SimpleMessageListenerContainer - No global properties bean
2025-11-03 16:20:55.150 DEBUG [restartedMain] o.s.a.r.l.SimpleMessageListenerContainer - No global properties bean
2025-11-03 16:20:55.293 INFO  [restartedMain] o.a.coyote.http11.Http11NioProtocol - Starting ProtocolHandler ["http-nio-10020"]
2025-11-03 16:20:55.328 INFO  [restartedMain] o.s.b.w.e.tomcat.TomcatWebServer - Tomcat started on port 10020 (http) with context path '/'
2025-11-03 16:20:55.344 DEBUG [restartedMain] o.s.a.r.l.SimpleMessageListenerContainer - Starting Rabbit listener container.
2025-11-03 16:20:55.344 INFO  [restartedMain] o.s.a.r.c.CachingConnectionFactory - Attempting to connect to: localhost:5672
2025-11-03 16:20:55.372 DEBUG [restartedMain] c.r.client.impl.ConsumerWorkService - Creating executor service with 8 thread(s) for consumer work service
2025-11-03 16:20:55.486 INFO  [http-nio-10020-exec-1] o.a.c.c.C.[Tomcat].[localhost].[/] - Initializing Spring DispatcherServlet 'dispatcherServlet'
2025-11-03 16:20:55.486 INFO  [http-nio-10020-exec-1] o.s.web.servlet.DispatcherServlet - Initializing Servlet 'dispatcherServlet'
2025-11-03 16:20:55.492 INFO  [http-nio-10020-exec-1] o.s.web.servlet.DispatcherServlet - Completed initialization in 5 ms
2025-11-03 16:20:55.496 INFO  [restartedMain] o.s.a.r.c.CachingConnectionFactory - Created new connection: courseConnectionFactory#47b03dea:0/SimpleConnection@33e2baff [delegate=amqp://admin@127.0.0.1:5672/, localPort=55193]
2025-11-03 16:20:55.504 DEBUG [restartedMain] o.s.amqp.rabbit.core.RabbitAdmin - Initializing declarations
2025-11-03 16:20:55.527 DEBUG [restartedMain] o.s.a.r.c.CachingConnectionFactory - Creating cached Rabbit Channel from AMQChannel(amqp://admin@127.0.0.1:5672/,1)
2025-11-03 16:20:55.544 DEBUG [restartedMain] o.s.amqp.rabbit.core.RabbitTemplate - Executing callback RabbitAdmin$$Lambda/0x0000020406f222b8 on RabbitMQ Channel: Cached Rabbit Channel: AMQChannel(amqp://admin@127.0.0.1:5672/,1), conn: Proxy@2018d582 Shared Rabbit Connection: SimpleConnection@33e2baff [delegate=amqp://admin@127.0.0.1:5672/, localPort=55193]
2025-11-03 16:20:55.544 DEBUG [restartedMain] o.s.amqp.rabbit.core.RabbitAdmin - declaring Exchange 'course.events'
2025-11-03 16:20:55.559 DEBUG [restartedMain] o.s.amqp.rabbit.core.RabbitAdmin - declaring Exchange 'course.events'
2025-11-03 16:20:55.562 DEBUG [restartedMain] o.s.amqp.rabbit.core.RabbitAdmin - declaring Queue 'course.media.uploaded.queue'
2025-11-03 16:20:55.572 DEBUG [restartedMain] o.s.amqp.rabbit.core.RabbitAdmin - declaring Queue 'course.media.metadata.extracted.queue'
2025-11-03 16:20:55.575 DEBUG [restartedMain] o.s.amqp.rabbit.core.RabbitAdmin - declaring Queue 'course.media.uploaded.queue'
2025-11-03 16:20:55.580 DEBUG [restartedMain] o.s.amqp.rabbit.core.RabbitAdmin - declaring Queue 'course.media.metadata.extracted.queue'
2025-11-03 16:20:55.584 DEBUG [restartedMain] o.s.amqp.rabbit.core.RabbitAdmin - Binding destination [course.media.uploaded.queue (QUEUE)] to exchange [course.events] with routing key [course.media.uploaded.v1]
2025-11-03 16:20:55.600 DEBUG [restartedMain] o.s.amqp.rabbit.core.RabbitAdmin - Binding destination [course.media.metadata.extracted.queue (QUEUE)] to exchange [course.events] with routing key [course.media.metadata.extracted.v1]
2025-11-03 16:20:55.602 DEBUG [restartedMain] o.s.amqp.rabbit.core.RabbitAdmin - Binding destination [course.media.uploaded.queue (QUEUE)] to exchange [course.events] with routing key [course.media.uploaded.v1]
2025-11-03 16:20:55.608 DEBUG [restartedMain] o.s.amqp.rabbit.core.RabbitAdmin - Binding destination [course.media.metadata.extracted.queue (QUEUE)] to exchange [course.events] with routing key [course.media.metadata.extracted.v1]
2025-11-03 16:20:55.613 DEBUG [restartedMain] o.s.amqp.rabbit.core.RabbitAdmin - Declarations finished
2025-11-03 16:20:55.629 DEBUG [org.springframework.amqp.rabbit.RabbitListenerEndpointContainer#0-1] o.s.amqp.rabbit.core.RabbitTemplate - Executing callback RabbitAdmin$$Lambda/0x0000020406f43718 on RabbitMQ Channel: Cached Rabbit Channel: AMQChannel(amqp://admin@127.0.0.1:5672/,1), conn: Proxy@2018d582 Shared Rabbit Connection: SimpleConnection@33e2baff [delegate=amqp://admin@127.0.0.1:5672/, localPort=55193]
2025-11-03 16:20:55.635 DEBUG [org.springframework.amqp.rabbit.RabbitListenerEndpointContainer#0-1] o.s.amqp.rabbit.core.RabbitTemplate - Executing callback RabbitAdmin$$Lambda/0x0000020406f43718 on RabbitMQ Channel: Cached Rabbit Channel: AMQChannel(amqp://admin@127.0.0.1:5672/,1), conn: Proxy@2018d582 Shared Rabbit Connection: SimpleConnection@33e2baff [delegate=amqp://admin@127.0.0.1:5672/, localPort=55193]
2025-11-03 16:20:55.647 DEBUG [org.springframework.amqp.rabbit.RabbitListenerEndpointContainer#0-1] o.s.a.r.l.BlockingQueueConsumer - Starting consumer Consumer@148a5d69: tags=[[]], channel=null, acknowledgeMode=AUTO local queue size=0
2025-11-03 16:20:55.674 DEBUG [org.springframework.amqp.rabbit.RabbitListenerEndpointContainer#0-1] o.s.a.r.l.BlockingQueueConsumer - Started on queue 'course.media.metadata.extracted.queue' with tag amq.ctag-oc_RtRfgcMrC9L7KfZ3j5A: Consumer@148a5d69: tags=[[]], channel=Cached Rabbit Channel: AMQChannel(amqp://admin@127.0.0.1:5672/,1), conn: Proxy@2018d582 Shared Rabbit Connection: SimpleConnection@33e2baff [delegate=amqp://admin@127.0.0.1:5672/, localPort=55193], acknowledgeMode=AUTO local queue size=0
2025-11-03 16:20:55.674 DEBUG [restartedMain] o.s.a.r.l.SimpleMessageListenerContainer - Starting Rabbit listener container.
2025-11-03 16:20:55.674 DEBUG [pool-2-thread-3] o.s.a.r.l.BlockingQueueConsumer - ConsumeOK: Consumer@148a5d69: tags=[[amq.ctag-oc_RtRfgcMrC9L7KfZ3j5A]], channel=Cached Rabbit Channel: AMQChannel(amqp://admin@127.0.0.1:5672/,1), conn: Proxy@2018d582 Shared Rabbit Connection: SimpleConnection@33e2baff [delegate=amqp://admin@127.0.0.1:5672/, localPort=55193], acknowledgeMode=AUTO local queue size=0
2025-11-03 16:20:55.685 DEBUG [org.springframework.amqp.rabbit.RabbitListenerEndpointContainer#1-1] o.s.a.r.c.CachingConnectionFactory - Creating cached Rabbit Channel from AMQChannel(amqp://admin@127.0.0.1:5672/,2)
2025-11-03 16:20:55.686 DEBUG [org.springframework.amqp.rabbit.RabbitListenerEndpointContainer#1-1] o.s.amqp.rabbit.core.RabbitTemplate - Executing callback RabbitAdmin$$Lambda/0x0000020406f43718 on RabbitMQ Channel: Cached Rabbit Channel: AMQChannel(amqp://admin@127.0.0.1:5672/,2), conn: Proxy@2018d582 Shared Rabbit Connection: SimpleConnection@33e2baff [delegate=amqp://admin@127.0.0.1:5672/, localPort=55193]
2025-11-03 16:20:55.689 DEBUG [org.springframework.amqp.rabbit.RabbitListenerEndpointContainer#1-1] o.s.amqp.rabbit.core.RabbitTemplate - Executing callback RabbitAdmin$$Lambda/0x0000020406f43718 on RabbitMQ Channel: Cached Rabbit Channel: AMQChannel(amqp://admin@127.0.0.1:5672/,2), conn: Proxy@2018d582 Shared Rabbit Connection: SimpleConnection@33e2baff [delegate=amqp://admin@127.0.0.1:5672/, localPort=55193]
2025-11-03 16:20:55.691 DEBUG [org.springframework.amqp.rabbit.RabbitListenerEndpointContainer#1-1] o.s.a.r.l.BlockingQueueConsumer - Starting consumer Consumer@701627ce: tags=[[]], channel=null, acknowledgeMode=AUTO local queue size=0
2025-11-03 16:20:55.698 DEBUG [org.springframework.amqp.rabbit.RabbitListenerEndpointContainer#1-1] o.s.a.r.l.BlockingQueueConsumer - Started on queue 'course.media.uploaded.queue' with tag amq.ctag-IVH5wxkVleOO8NuC-LCoRw: Consumer@701627ce: tags=[[]], channel=Cached Rabbit Channel: AMQChannel(amqp://admin@127.0.0.1:5672/,2), conn: Proxy@2018d582 Shared Rabbit Connection: SimpleConnection@33e2baff [delegate=amqp://admin@127.0.0.1:5672/, localPort=55193], acknowledgeMode=AUTO local queue size=0
2025-11-03 16:20:55.699 DEBUG [pool-2-thread-4] o.s.a.r.l.BlockingQueueConsumer - ConsumeOK: Consumer@701627ce: tags=[[amq.ctag-IVH5wxkVleOO8NuC-LCoRw]], channel=Cached Rabbit Channel: AMQChannel(amqp://admin@127.0.0.1:5672/,2), conn: Proxy@2018d582 Shared Rabbit Connection: SimpleConnection@33e2baff [delegate=amqp://admin@127.0.0.1:5672/, localPort=55193], acknowledgeMode=AUTO local queue size=0
2025-11-03 16:20:55.726 INFO  [restartedMain] c.s.s.skillhub.SkillhubApplication - Started SkillhubApplication in 24.921 seconds (process running for 27.933)
2025-11-03 16:20:55.741 INFO  [restartedMain] c.s.s.skillhub.config.Configuration - 
=====================================================================

    Base Url: http://localhost:10020/

    Swagger Url: http://localhost:10020/swagger-ui/index.html

   Health Url: http://localhost:10020/actuator/health

=====================================================================
2025-11-03 16:20:55.741 INFO  [restartedMain] c.s.s.skillhub.SkillhubApplication - ✅ Application démarrée — test création du fichier de log
2025-11-03 16:23:02.821 INFO  [http-nio-10020-exec-9] c.s.s.s.c.a.in.web.CourseController - 📥 Incoming createCourse request: CreateCourseRequest[title=test course title nine, description=corse body test, price=10, sections=[]]
2025-11-03 16:23:02.825 INFO  [http-nio-10020-exec-9] c.s.s.s.c.a.in.web.CourseController - 🔐 Authorization header: Bearer eyJhbGciOiJSUzI1NiIsInR5cCIgOiAiS...
2025-11-03 16:23:02.825 INFO  [http-nio-10020-exec-9] c.s.s.s.c.a.in.web.CourseController - 👤 X-User-Email: marina.darde@3wa.io
2025-11-03 16:23:02.825 INFO  [http-nio-10020-exec-9] c.s.s.s.c.a.in.web.CourseController - 🧩 X-User-Roles: STUDENT,TUTOR,offline_access,uma_authorization,default-roles-skillshub
2025-11-03 16:27:55.482 INFO  [File Watcher] o.s.b.d.a.LocalDevToolsAutoConfiguration$RestartingClassPathChangeChangedEventListener - Restarting due to 2 class path changes (0 additions, 2 deletions, 0 modifications)
2025-11-03 16:27:55.496 DEBUG [Thread-6] o.s.a.r.l.SimpleMessageListenerContainer - Shutting down Rabbit listener container
2025-11-03 16:27:55.510 DEBUG [Thread-6] o.s.a.r.l.SimpleMessageListenerContainer - Shutting down Rabbit listener container
2025-11-03 16:27:55.510 DEBUG [pool-2-thread-5] o.s.a.r.l.BlockingQueueConsumer - Received cancelOk for tag amq.ctag-oc_RtRfgcMrC9L7KfZ3j5A (course.media.metadata.extracted.queue); Consumer@148a5d69: tags=[[amq.ctag-oc_RtRfgcMrC9L7KfZ3j5A]], channel=Cached Rabbit Channel: AMQChannel(amqp://admin@127.0.0.1:5672/,1), conn: Proxy@2018d582 Shared Rabbit Connection: SimpleConnection@33e2baff [delegate=amqp://admin@127.0.0.1:5672/, localPort=55193], acknowledgeMode=AUTO local queue size=0
2025-11-03 16:27:55.511 INFO  [org.springframework.amqp.rabbit.RabbitListenerEndpointContainer#0-2] o.s.a.r.l.SimpleMessageListenerContainer - Waiting for workers to finish.
2025-11-03 16:27:55.525 DEBUG [pool-2-thread-6] o.s.a.r.l.BlockingQueueConsumer - Received cancelOk for tag amq.ctag-IVH5wxkVleOO8NuC-LCoRw (course.media.uploaded.queue); Consumer@701627ce: tags=[[amq.ctag-IVH5wxkVleOO8NuC-LCoRw]], channel=Cached Rabbit Channel: AMQChannel(amqp://admin@127.0.0.1:5672/,2), conn: Proxy@2018d582 Shared Rabbit Connection: SimpleConnection@33e2baff [delegate=amqp://admin@127.0.0.1:5672/, localPort=55193], acknowledgeMode=AUTO local queue size=0
2025-11-03 16:27:55.525 INFO  [org.springframework.amqp.rabbit.RabbitListenerEndpointContainer#1-2] o.s.a.r.l.SimpleMessageListenerContainer - Waiting for workers to finish.
2025-11-03 16:27:56.293 INFO  [org.springframework.amqp.rabbit.RabbitListenerEndpointContainer#0-2] o.s.a.r.l.SimpleMessageListenerContainer - Successfully waited for workers to finish.
2025-11-03 16:27:56.294 DEBUG [org.springframework.amqp.rabbit.RabbitListenerEndpointContainer#0-1] o.s.a.r.l.SimpleMessageListenerContainer - Cancelling Consumer@148a5d69: tags=[[amq.ctag-oc_RtRfgcMrC9L7KfZ3j5A]], channel=Cached Rabbit Channel: AMQChannel(amqp://admin@127.0.0.1:5672/,1), conn: Proxy@2018d582 Shared Rabbit Connection: SimpleConnection@33e2baff [delegate=amqp://admin@127.0.0.1:5672/, localPort=55193], acknowledgeMode=AUTO local queue size=0
2025-11-03 16:27:56.296 DEBUG [org.springframework.amqp.rabbit.RabbitListenerEndpointContainer#0-1] o.s.a.r.l.BlockingQueueConsumer - Closing Rabbit Channel: Cached Rabbit Channel: AMQChannel(amqp://admin@127.0.0.1:5672/,1), conn: Proxy@2018d582 Shared Rabbit Connection: SimpleConnection@33e2baff [delegate=amqp://admin@127.0.0.1:5672/, localPort=55193]
2025-11-03 16:27:56.296 DEBUG [org.springframework.amqp.rabbit.RabbitListenerEndpointContainer#0-1] o.s.a.r.c.CachingConnectionFactory - Closing cached Channel: AMQChannel(amqp://admin@127.0.0.1:5672/,1)
2025-11-03 16:27:56.506 INFO  [org.springframework.amqp.rabbit.RabbitListenerEndpointContainer#1-2] o.s.a.r.l.SimpleMessageListenerContainer - Successfully waited for workers to finish.
2025-11-03 16:27:56.508 DEBUG [org.springframework.amqp.rabbit.RabbitListenerEndpointContainer#1-1] o.s.a.r.l.SimpleMessageListenerContainer - Cancelling Consumer@701627ce: tags=[[amq.ctag-IVH5wxkVleOO8NuC-LCoRw]], channel=Cached Rabbit Channel: AMQChannel(amqp://admin@127.0.0.1:5672/,2), conn: Proxy@2018d582 Shared Rabbit Connection: SimpleConnection@33e2baff [delegate=amqp://admin@127.0.0.1:5672/, localPort=55193], acknowledgeMode=AUTO local queue size=0
2025-11-03 16:27:56.509 DEBUG [org.springframework.amqp.rabbit.RabbitListenerEndpointContainer#1-1] o.s.a.r.l.BlockingQueueConsumer - Closing Rabbit Channel: Cached Rabbit Channel: AMQChannel(amqp://admin@127.0.0.1:5672/,2), conn: Proxy@2018d582 Shared Rabbit Connection: SimpleConnection@33e2baff [delegate=amqp://admin@127.0.0.1:5672/, localPort=55193]
2025-11-03 16:27:56.510 DEBUG [org.springframework.amqp.rabbit.RabbitListenerEndpointContainer#1-1] o.s.a.r.c.CachingConnectionFactory - Closing cached Channel: AMQChannel(amqp://admin@127.0.0.1:5672/,2)
2025-11-03 16:27:56.511 INFO  [Thread-6] o.s.b.w.e.tomcat.GracefulShutdown - Commencing graceful shutdown. Waiting for active requests to complete
2025-11-03 16:27:56.517 INFO  [tomcat-shutdown] o.a.coyote.http11.Http11NioProtocol - Pausing ProtocolHandler ["http-nio-10020"]
2025-11-03 16:27:56.543 INFO  [tomcat-shutdown] o.s.b.w.e.tomcat.GracefulShutdown - Graceful shutdown complete
2025-11-03 16:27:56.543 INFO  [Thread-6] o.a.coyote.http11.Http11NioProtocol - Stopping ProtocolHandler ["http-nio-10020"]
2025-11-03 16:27:56.577 DEBUG [Thread-6] o.s.a.r.l.SimpleMessageListenerContainer - Shutdown ignored - container is not active already
2025-11-03 16:27:56.577 DEBUG [Thread-6] o.s.a.r.l.SimpleMessageListenerContainer - Shutdown ignored - container is not active already
2025-11-03 16:27:56.595 INFO  [Thread-6] o.s.o.j.LocalContainerEntityManagerFactoryBean - Closing JPA EntityManagerFactory for persistence unit 'storagePU'
2025-11-03 16:27:56.597 INFO  [Thread-6] o.s.o.j.LocalContainerEntityManagerFactoryBean - Closing JPA EntityManagerFactory for persistence unit 'coursePU'
2025-11-03 16:27:56.602 INFO  [Thread-6] com.zaxxer.hikari.HikariDataSource - HikariPool-2 - Shutdown initiated...
2025-11-03 16:27:56.618 INFO  [Thread-6] com.zaxxer.hikari.HikariDataSource - HikariPool-2 - Shutdown completed.
2025-11-03 16:27:56.619 INFO  [Thread-6] com.zaxxer.hikari.HikariDataSource - HikariPool-1 - Shutdown initiated...
2025-11-03 16:27:56.628 INFO  [Thread-6] com.zaxxer.hikari.HikariDataSource - HikariPool-1 - Shutdown completed.
2025-11-03 16:27:57.119 INFO  [restartedMain] c.s.s.skillhub.SkillhubApplication - Starting SkillhubApplication using Java 21.0.4 with PID 6280 (C:\Users\Utilisateur\Documents\PROJET\e-learning-monolith-back\target\classes started by Utilisateur in C:\Users\Utilisateur\Documents\PROJET\e-learning-monolith-back)
2025-11-03 16:27:57.119 DEBUG [restartedMain] c.s.s.skillhub.SkillhubApplication - Running with Spring Boot v3.4.2, Spring v6.2.2
2025-11-03 16:27:57.119 INFO  [restartedMain] c.s.s.skillhub.SkillhubApplication - The following 1 profile is active: "usage_message"
2025-11-03 16:27:59.625 INFO  [restartedMain] o.s.d.r.c.RepositoryConfigurationDelegate - Bootstrapping Spring Data JPA repositories in DEFAULT mode.
2025-11-03 16:27:59.667 INFO  [restartedMain] o.s.d.r.c.RepositoryConfigurationDelegate - Finished Spring Data repository scanning in 43 ms. Found 3 JPA repository interfaces.
2025-11-03 16:27:59.676 INFO  [restartedMain] o.s.d.r.c.RepositoryConfigurationDelegate - Bootstrapping Spring Data JPA repositories in DEFAULT mode.
2025-11-03 16:27:59.688 INFO  [restartedMain] o.s.d.r.c.RepositoryConfigurationDelegate - Finished Spring Data repository scanning in 10 ms. Found 1 JPA repository interface.
2025-11-03 16:28:00.327 INFO  [restartedMain] o.s.cloud.context.scope.GenericScope - BeanFactory id=eae772d8-648c-33e6-9e49-d9101b659757
2025-11-03 16:28:00.874 INFO  [restartedMain] o.s.b.w.e.tomcat.TomcatWebServer - Tomcat initialized with port 10020 (http)
2025-11-03 16:28:00.879 INFO  [restartedMain] o.a.coyote.http11.Http11NioProtocol - Initializing ProtocolHandler ["http-nio-10020"]
2025-11-03 16:28:00.879 INFO  [restartedMain] o.a.catalina.core.StandardService - Starting service [Tomcat]
2025-11-03 16:28:00.879 INFO  [restartedMain] o.a.catalina.core.StandardEngine - Starting Servlet engine: [Apache Tomcat/10.1.34]
2025-11-03 16:28:01.041 INFO  [restartedMain] o.a.c.c.C.[Tomcat].[localhost].[/] - Initializing Spring embedded WebApplicationContext
2025-11-03 16:28:01.050 INFO  [restartedMain] o.s.b.w.s.c.ServletWebServerApplicationContext - Root WebApplicationContext: initialization completed in 3916 ms
2025-11-03 16:28:01.341 INFO  [restartedMain] com.zaxxer.hikari.HikariDataSource - HikariPool-3 - Starting...
2025-11-03 16:28:01.431 INFO  [restartedMain] com.zaxxer.hikari.pool.HikariPool - HikariPool-3 - Added connection org.postgresql.jdbc.PgConnection@4bd476d
2025-11-03 16:28:01.433 INFO  [restartedMain] com.zaxxer.hikari.HikariDataSource - HikariPool-3 - Start completed.
2025-11-03 16:28:01.470 INFO  [restartedMain] liquibase.database - Set default schema name to public
2025-11-03 16:28:02.028 INFO  [restartedMain] liquibase.changelog - Reading from public.databasechangelog
2025-11-03 16:28:02.098 INFO  [restartedMain] liquibase.ui - Database is up to date, no changesets to execute
2025-11-03 16:28:02.103 INFO  [restartedMain] liquibase.changelog - Reading from public.databasechangelog
2025-11-03 16:28:02.113 INFO  [restartedMain] liquibase.util - UPDATE SUMMARY
2025-11-03 16:28:02.113 INFO  [restartedMain] liquibase.util - Run:                          0
2025-11-03 16:28:02.113 INFO  [restartedMain] liquibase.util - Previously run:               5
2025-11-03 16:28:02.113 INFO  [restartedMain] liquibase.util - Filtered out:                 0
2025-11-03 16:28:02.113 INFO  [restartedMain] liquibase.util - -------------------------------
2025-11-03 16:28:02.113 INFO  [restartedMain] liquibase.util - Total change sets:            5
2025-11-03 16:28:02.114 INFO  [restartedMain] liquibase.util - Update summary generated
2025-11-03 16:28:02.114 INFO  [restartedMain] liquibase.command - Command execution complete
2025-11-03 16:28:02.163 INFO  [restartedMain] com.zaxxer.hikari.HikariDataSource - HikariPool-4 - Starting...
2025-11-03 16:28:02.217 INFO  [restartedMain] com.zaxxer.hikari.pool.HikariPool - HikariPool-4 - Added connection org.postgresql.jdbc.PgConnection@31dd944d
2025-11-03 16:28:02.217 INFO  [restartedMain] com.zaxxer.hikari.HikariDataSource - HikariPool-4 - Start completed.
2025-11-03 16:28:02.348 INFO  [restartedMain] liquibase.changelog - Reading from public.databasechangelog
2025-11-03 16:28:02.413 INFO  [restartedMain] liquibase.ui - Database is up to date, no changesets to execute
2025-11-03 16:28:02.417 INFO  [restartedMain] liquibase.changelog - Reading from public.databasechangelog
2025-11-03 16:28:02.422 INFO  [restartedMain] liquibase.util - UPDATE SUMMARY
2025-11-03 16:28:02.422 INFO  [restartedMain] liquibase.util - Run:                          0
2025-11-03 16:28:02.422 INFO  [restartedMain] liquibase.util - Previously run:               6
2025-11-03 16:28:02.422 INFO  [restartedMain] liquibase.util - Filtered out:                 0
2025-11-03 16:28:02.422 INFO  [restartedMain] liquibase.util - -------------------------------
2025-11-03 16:28:02.422 INFO  [restartedMain] liquibase.util - Total change sets:            6
2025-11-03 16:28:02.422 INFO  [restartedMain] liquibase.util - Update summary generated
2025-11-03 16:28:02.423 INFO  [restartedMain] liquibase.command - Command execution complete
2025-11-03 16:28:02.438 INFO  [restartedMain] o.h.jpa.internal.util.LogHelper - HHH000204: Processing PersistenceUnitInfo [name: coursePU]
2025-11-03 16:28:02.452 INFO  [restartedMain] o.h.c.i.RegionFactoryInitiator - HHH000026: Second-level cache disabled
2025-11-03 16:28:02.861 INFO  [restartedMain] o.s.o.j.p.SpringPersistenceUnitInfo - No LoadTimeWeaver setup: ignoring JPA class transformer
2025-11-03 16:28:02.872 INFO  [restartedMain] o.hibernate.orm.connections.pooling - HHH10001005: Database info:
	Database JDBC URL [Connecting through datasource 'HikariDataSource (HikariPool-4)']
	Database driver: undefined/unknown
	Database version: 15.14
	Autocommit mode: undefined/unknown
	Isolation level: undefined/unknown
	Minimum pool size: undefined/unknown
	Maximum pool size: undefined/unknown
2025-11-03 16:28:03.415 INFO  [restartedMain] o.h.e.t.j.p.i.JtaPlatformInitiator - HHH000489: No JTA platform available (set 'hibernate.transaction.jta.platform' to enable JTA platform integration)
2025-11-03 16:28:03.415 INFO  [restartedMain] o.s.o.j.LocalContainerEntityManagerFactoryBean - Initialized JPA EntityManagerFactory for persistence unit 'coursePU'
2025-11-03 16:28:03.489 INFO  [restartedMain] o.h.jpa.internal.util.LogHelper - HHH000204: Processing PersistenceUnitInfo [name: storagePU]
2025-11-03 16:28:03.501 INFO  [restartedMain] o.h.c.i.RegionFactoryInitiator - HHH000026: Second-level cache disabled
2025-11-03 16:28:03.786 INFO  [restartedMain] o.s.o.j.p.SpringPersistenceUnitInfo - No LoadTimeWeaver setup: ignoring JPA class transformer
2025-11-03 16:28:03.800 INFO  [restartedMain] o.hibernate.orm.connections.pooling - HHH10001005: Database info:
	Database JDBC URL [Connecting through datasource 'HikariDataSource (HikariPool-3)']
	Database driver: undefined/unknown
	Database version: 15.14
	Autocommit mode: undefined/unknown
	Isolation level: undefined/unknown
	Minimum pool size: undefined/unknown
	Maximum pool size: undefined/unknown
2025-11-03 16:28:03.922 INFO  [restartedMain] o.h.e.t.j.p.i.JtaPlatformInitiator - HHH000489: No JTA platform available (set 'hibernate.transaction.jta.platform' to enable JTA platform integration)
2025-11-03 16:28:03.923 INFO  [restartedMain] o.s.o.j.LocalContainerEntityManagerFactoryBean - Initialized JPA EntityManagerFactory for persistence unit 'storagePU'
2025-11-03 16:28:06.730 WARN  [restartedMain] o.s.b.a.s.s.UserDetailsServiceAutoConfiguration - 

Using generated security password: 65dd796f-4185-4887-bc32-6538bf77cd49

This generated password is for development use only. Your security configuration must be updated before running your application in production.

2025-11-03 16:28:06.736 INFO  [restartedMain] o.s.s.c.a.a.c.InitializeUserDetailsBeanManagerConfigurer$InitializeUserDetailsManagerConfigurer - Global AuthenticationManager configured with UserDetailsService bean with name inMemoryUserDetailsManager
2025-11-03 16:28:07.688 INFO  [restartedMain] o.s.b.a.e.web.EndpointLinksResolver - Exposing 3 endpoints beneath base path '/actuator'
2025-11-03 16:28:09.691 INFO  [restartedMain] o.s.b.a.h.H2ConsoleAutoConfiguration - H2 console available at '/h2-console'. Databases available at 'jdbc:postgresql://localhost:5433/course_service', 'jdbc:postgresql://localhost:5434/storage_service'
2025-11-03 16:28:09.804 INFO  [restartedMain] o.s.b.d.a.OptionalLiveReloadServer - LiveReload server is running on port 35729
2025-11-03 16:28:09.971 DEBUG [restartedMain] o.s.a.r.l.a.MessagingMessageListenerAdapter - Inferred argument type for public void com.simplon_project.skillhub.skillhub.course.adapter.messaging.listeners.VideoMetadataExtractListener.handle(com.simplon_project.skillhub.skillhub.course.adapter.messaging.events.VideoMetadataExtractedEvent) is class com.simplon_project.skillhub.skillhub.course.adapter.messaging.events.VideoMetadataExtractedEvent
2025-11-03 16:28:09.971 DEBUG [restartedMain] o.s.a.r.l.SimpleMessageListenerContainer - No global properties bean
2025-11-03 16:28:09.971 DEBUG [restartedMain] o.s.a.r.l.SimpleMessageListenerContainer - No global properties bean
2025-11-03 16:28:09.971 DEBUG [restartedMain] o.s.a.r.l.a.MessagingMessageListenerAdapter - Inferred argument type for public void com.simplon_project.skillhub.skillhub.course.adapter.messaging.listeners.VideoUploadedListener.handle(com.simplon_project.skillhub.skillhub.course.adapter.messaging.events.VideoUploadedEvent) is class com.simplon_project.skillhub.skillhub.course.adapter.messaging.events.VideoUploadedEvent
2025-11-03 16:28:09.971 DEBUG [restartedMain] o.s.a.r.l.SimpleMessageListenerContainer - No global properties bean
2025-11-03 16:28:09.971 DEBUG [restartedMain] o.s.a.r.l.SimpleMessageListenerContainer - No global properties bean
2025-11-03 16:28:10.033 INFO  [restartedMain] o.a.coyote.http11.Http11NioProtocol - Starting ProtocolHandler ["http-nio-10020"]
2025-11-03 16:28:10.046 INFO  [restartedMain] o.s.b.w.e.tomcat.TomcatWebServer - Tomcat started on port 10020 (http) with context path '/'
2025-11-03 16:28:10.056 DEBUG [restartedMain] o.s.a.r.l.SimpleMessageListenerContainer - Starting Rabbit listener container.
2025-11-03 16:28:10.056 INFO  [restartedMain] o.s.a.r.c.CachingConnectionFactory - Attempting to connect to: localhost:5672
2025-11-03 16:28:10.063 DEBUG [restartedMain] c.r.client.impl.ConsumerWorkService - Creating executor service with 8 thread(s) for consumer work service
2025-11-03 16:28:10.085 INFO  [restartedMain] o.s.a.r.c.CachingConnectionFactory - Created new connection: courseConnectionFactory#57848ced:0/SimpleConnection@228a145d [delegate=amqp://admin@127.0.0.1:5672/, localPort=61407]
2025-11-03 16:28:10.086 DEBUG [restartedMain] o.s.amqp.rabbit.core.RabbitAdmin - Initializing declarations
2025-11-03 16:28:10.093 DEBUG [restartedMain] o.s.a.r.c.CachingConnectionFactory - Creating cached Rabbit Channel from AMQChannel(amqp://admin@127.0.0.1:5672/,1)
2025-11-03 16:28:10.094 DEBUG [restartedMain] o.s.amqp.rabbit.core.RabbitTemplate - Executing callback RabbitAdmin$$Lambda/0x0000020406f222b8 on RabbitMQ Channel: Cached Rabbit Channel: AMQChannel(amqp://admin@127.0.0.1:5672/,1), conn: Proxy@4c2a0975 Shared Rabbit Connection: SimpleConnection@228a145d [delegate=amqp://admin@127.0.0.1:5672/, localPort=61407]
2025-11-03 16:28:10.094 DEBUG [restartedMain] o.s.amqp.rabbit.core.RabbitAdmin - declaring Exchange 'course.events'
2025-11-03 16:28:10.098 DEBUG [restartedMain] o.s.amqp.rabbit.core.RabbitAdmin - declaring Exchange 'course.events'
2025-11-03 16:28:10.101 DEBUG [restartedMain] o.s.amqp.rabbit.core.RabbitAdmin - declaring Queue 'course.media.uploaded.queue'
2025-11-03 16:28:10.104 DEBUG [restartedMain] o.s.amqp.rabbit.core.RabbitAdmin - declaring Queue 'course.media.metadata.extracted.queue'
2025-11-03 16:28:10.107 DEBUG [restartedMain] o.s.amqp.rabbit.core.RabbitAdmin - declaring Queue 'course.media.uploaded.queue'
2025-11-03 16:28:10.110 DEBUG [restartedMain] o.s.amqp.rabbit.core.RabbitAdmin - declaring Queue 'course.media.metadata.extracted.queue'
2025-11-03 16:28:10.112 DEBUG [restartedMain] o.s.amqp.rabbit.core.RabbitAdmin - Binding destination [course.media.uploaded.queue (QUEUE)] to exchange [course.events] with routing key [course.media.uploaded.v1]
2025-11-03 16:28:10.118 DEBUG [restartedMain] o.s.amqp.rabbit.core.RabbitAdmin - Binding destination [course.media.metadata.extracted.queue (QUEUE)] to exchange [course.events] with routing key [course.media.metadata.extracted.v1]
2025-11-03 16:28:10.122 DEBUG [restartedMain] o.s.amqp.rabbit.core.RabbitAdmin - Binding destination [course.media.uploaded.queue (QUEUE)] to exchange [course.events] with routing key [course.media.uploaded.v1]
2025-11-03 16:28:10.125 DEBUG [restartedMain] o.s.amqp.rabbit.core.RabbitAdmin - Binding destination [course.media.metadata.extracted.queue (QUEUE)] to exchange [course.events] with routing key [course.media.metadata.extracted.v1]
2025-11-03 16:28:10.128 DEBUG [restartedMain] o.s.amqp.rabbit.core.RabbitAdmin - Declarations finished
2025-11-03 16:28:10.131 DEBUG [org.springframework.amqp.rabbit.RabbitListenerEndpointContainer#0-1] o.s.amqp.rabbit.core.RabbitTemplate - Executing callback RabbitAdmin$$Lambda/0x0000020406f43718 on RabbitMQ Channel: Cached Rabbit Channel: AMQChannel(amqp://admin@127.0.0.1:5672/,1), conn: Proxy@4c2a0975 Shared Rabbit Connection: SimpleConnection@228a145d [delegate=amqp://admin@127.0.0.1:5672/, localPort=61407]
2025-11-03 16:28:10.133 DEBUG [org.springframework.amqp.rabbit.RabbitListenerEndpointContainer#0-1] o.s.amqp.rabbit.core.RabbitTemplate - Executing callback RabbitAdmin$$Lambda/0x0000020406f43718 on RabbitMQ Channel: Cached Rabbit Channel: AMQChannel(amqp://admin@127.0.0.1:5672/,1), conn: Proxy@4c2a0975 Shared Rabbit Connection: SimpleConnection@228a145d [delegate=amqp://admin@127.0.0.1:5672/, localPort=61407]
2025-11-03 16:28:10.135 DEBUG [org.springframework.amqp.rabbit.RabbitListenerEndpointContainer#0-1] o.s.a.r.l.BlockingQueueConsumer - Starting consumer Consumer@762106a8: tags=[[]], channel=null, acknowledgeMode=AUTO local queue size=0
2025-11-03 16:28:10.141 DEBUG [org.springframework.amqp.rabbit.RabbitListenerEndpointContainer#0-1] o.s.a.r.l.BlockingQueueConsumer - Started on queue 'course.media.metadata.extracted.queue' with tag amq.ctag-J5xo_GSuQMhAXURnKdkoIg: Consumer@762106a8: tags=[[]], channel=Cached Rabbit Channel: AMQChannel(amqp://admin@127.0.0.1:5672/,1), conn: Proxy@4c2a0975 Shared Rabbit Connection: SimpleConnection@228a145d [delegate=amqp://admin@127.0.0.1:5672/, localPort=61407], acknowledgeMode=AUTO local queue size=0
2025-11-03 16:28:10.142 DEBUG [pool-5-thread-3] o.s.a.r.l.BlockingQueueConsumer - ConsumeOK: Consumer@762106a8: tags=[[amq.ctag-J5xo_GSuQMhAXURnKdkoIg]], channel=Cached Rabbit Channel: AMQChannel(amqp://admin@127.0.0.1:5672/,1), conn: Proxy@4c2a0975 Shared Rabbit Connection: SimpleConnection@228a145d [delegate=amqp://admin@127.0.0.1:5672/, localPort=61407], acknowledgeMode=AUTO local queue size=0
2025-11-03 16:28:10.142 DEBUG [restartedMain] o.s.a.r.l.SimpleMessageListenerContainer - Starting Rabbit listener container.
2025-11-03 16:28:10.147 DEBUG [org.springframework.amqp.rabbit.RabbitListenerEndpointContainer#1-1] o.s.a.r.c.CachingConnectionFactory - Creating cached Rabbit Channel from AMQChannel(amqp://admin@127.0.0.1:5672/,2)
2025-11-03 16:28:10.148 DEBUG [org.springframework.amqp.rabbit.RabbitListenerEndpointContainer#1-1] o.s.amqp.rabbit.core.RabbitTemplate - Executing callback RabbitAdmin$$Lambda/0x0000020406f43718 on RabbitMQ Channel: Cached Rabbit Channel: AMQChannel(amqp://admin@127.0.0.1:5672/,2), conn: Proxy@4c2a0975 Shared Rabbit Connection: SimpleConnection@228a145d [delegate=amqp://admin@127.0.0.1:5672/, localPort=61407]
2025-11-03 16:28:10.150 DEBUG [org.springframework.amqp.rabbit.RabbitListenerEndpointContainer#1-1] o.s.amqp.rabbit.core.RabbitTemplate - Executing callback RabbitAdmin$$Lambda/0x0000020406f43718 on RabbitMQ Channel: Cached Rabbit Channel: AMQChannel(amqp://admin@127.0.0.1:5672/,2), conn: Proxy@4c2a0975 Shared Rabbit Connection: SimpleConnection@228a145d [delegate=amqp://admin@127.0.0.1:5672/, localPort=61407]
2025-11-03 16:28:10.152 DEBUG [org.springframework.amqp.rabbit.RabbitListenerEndpointContainer#1-1] o.s.a.r.l.BlockingQueueConsumer - Starting consumer Consumer@18861c96: tags=[[]], channel=null, acknowledgeMode=AUTO local queue size=0
2025-11-03 16:28:10.159 DEBUG [org.springframework.amqp.rabbit.RabbitListenerEndpointContainer#1-1] o.s.a.r.l.BlockingQueueConsumer - Started on queue 'course.media.uploaded.queue' with tag amq.ctag-IwJ1R7lwKBhbNA5-EGNcXQ: Consumer@18861c96: tags=[[]], channel=Cached Rabbit Channel: AMQChannel(amqp://admin@127.0.0.1:5672/,2), conn: Proxy@4c2a0975 Shared Rabbit Connection: SimpleConnection@228a145d [delegate=amqp://admin@127.0.0.1:5672/, localPort=61407], acknowledgeMode=AUTO local queue size=0
2025-11-03 16:28:10.160 DEBUG [pool-5-thread-4] o.s.a.r.l.BlockingQueueConsumer - ConsumeOK: Consumer@18861c96: tags=[[amq.ctag-IwJ1R7lwKBhbNA5-EGNcXQ]], channel=Cached Rabbit Channel: AMQChannel(amqp://admin@127.0.0.1:5672/,2), conn: Proxy@4c2a0975 Shared Rabbit Connection: SimpleConnection@228a145d [delegate=amqp://admin@127.0.0.1:5672/, localPort=61407], acknowledgeMode=AUTO local queue size=0
2025-11-03 16:28:10.170 INFO  [restartedMain] c.s.s.skillhub.SkillhubApplication - Started SkillhubApplication in 13.334 seconds (process running for 462.381)
2025-11-03 16:28:10.178 INFO  [restartedMain] o.s.b.d.a.ConditionEvaluationDeltaLoggingListener - Condition evaluation unchanged
2025-11-03 16:28:10.183 INFO  [restartedMain] c.s.s.skillhub.config.Configuration - 
=====================================================================

    Base Url: http://localhost:10020/

    Swagger Url: http://localhost:10020/swagger-ui/index.html

   Health Url: http://localhost:10020/actuator/health

=====================================================================
2025-11-03 16:28:10.183 INFO  [restartedMain] c.s.s.skillhub.SkillhubApplication - ✅ Application démarrée — test création du fichier de log
2025-11-03 16:28:10.320 INFO  [http-nio-10020-exec-1] o.a.c.c.C.[Tomcat].[localhost].[/] - Initializing Spring DispatcherServlet 'dispatcherServlet'
2025-11-03 16:28:10.321 INFO  [http-nio-10020-exec-1] o.s.web.servlet.DispatcherServlet - Initializing Servlet 'dispatcherServlet'
2025-11-03 16:28:10.327 INFO  [http-nio-10020-exec-1] o.s.web.servlet.DispatcherServlet - Completed initialization in 6 ms
2025-11-03 16:28:10.636 DEBUG [SpringApplicationShutdownHook] o.s.a.r.l.SimpleMessageListenerContainer - Shutting down Rabbit listener container
2025-11-03 16:28:10.642 DEBUG [SpringApplicationShutdownHook] o.s.a.r.l.SimpleMessageListenerContainer - Shutting down Rabbit listener container
2025-11-03 16:28:10.642 DEBUG [pool-5-thread-5] o.s.a.r.l.BlockingQueueConsumer - Received cancelOk for tag amq.ctag-J5xo_GSuQMhAXURnKdkoIg (course.media.metadata.extracted.queue); Consumer@762106a8: tags=[[amq.ctag-J5xo_GSuQMhAXURnKdkoIg]], channel=Cached Rabbit Channel: AMQChannel(amqp://admin@127.0.0.1:5672/,1), conn: Proxy@4c2a0975 Shared Rabbit Connection: SimpleConnection@228a145d [delegate=amqp://admin@127.0.0.1:5672/, localPort=61407], acknowledgeMode=AUTO local queue size=0
2025-11-03 16:28:10.642 INFO  [org.springframework.amqp.rabbit.RabbitListenerEndpointContainer#0-2] o.s.a.r.l.SimpleMessageListenerContainer - Waiting for workers to finish.
2025-11-03 16:28:10.646 DEBUG [pool-5-thread-6] o.s.a.r.l.BlockingQueueConsumer - Received cancelOk for tag amq.ctag-IwJ1R7lwKBhbNA5-EGNcXQ (course.media.uploaded.queue); Consumer@18861c96: tags=[[amq.ctag-IwJ1R7lwKBhbNA5-EGNcXQ]], channel=Cached Rabbit Channel: AMQChannel(amqp://admin@127.0.0.1:5672/,2), conn: Proxy@4c2a0975 Shared Rabbit Connection: SimpleConnection@228a145d [delegate=amqp://admin@127.0.0.1:5672/, localPort=61407], acknowledgeMode=AUTO local queue size=0
2025-11-03 16:28:10.646 INFO  [org.springframework.amqp.rabbit.RabbitListenerEndpointContainer#1-2] o.s.a.r.l.SimpleMessageListenerContainer - Waiting for workers to finish.
2025-11-03 16:28:11.155 INFO  [org.springframework.amqp.rabbit.RabbitListenerEndpointContainer#0-2] o.s.a.r.l.SimpleMessageListenerContainer - Successfully waited for workers to finish.
2025-11-03 16:28:11.156 DEBUG [org.springframework.amqp.rabbit.RabbitListenerEndpointContainer#0-1] o.s.a.r.l.SimpleMessageListenerContainer - Cancelling Consumer@762106a8: tags=[[amq.ctag-J5xo_GSuQMhAXURnKdkoIg]], channel=Cached Rabbit Channel: AMQChannel(amqp://admin@127.0.0.1:5672/,1), conn: Proxy@4c2a0975 Shared Rabbit Connection: SimpleConnection@228a145d [delegate=amqp://admin@127.0.0.1:5672/, localPort=61407], acknowledgeMode=AUTO local queue size=0
2025-11-03 16:28:11.156 DEBUG [org.springframework.amqp.rabbit.RabbitListenerEndpointContainer#0-1] o.s.a.r.l.BlockingQueueConsumer - Closing Rabbit Channel: Cached Rabbit Channel: AMQChannel(amqp://admin@127.0.0.1:5672/,1), conn: Proxy@4c2a0975 Shared Rabbit Connection: SimpleConnection@228a145d [delegate=amqp://admin@127.0.0.1:5672/, localPort=61407]
2025-11-03 16:28:11.156 DEBUG [org.springframework.amqp.rabbit.RabbitListenerEndpointContainer#0-1] o.s.a.r.c.CachingConnectionFactory - Closing cached Channel: AMQChannel(amqp://admin@127.0.0.1:5672/,1)
2025-11-03 16:28:11.171 INFO  [org.springframework.amqp.rabbit.RabbitListenerEndpointContainer#1-2] o.s.a.r.l.SimpleMessageListenerContainer - Successfully waited for workers to finish.
2025-11-03 16:28:11.171 INFO  [SpringApplicationShutdownHook] o.s.b.w.e.tomcat.GracefulShutdown - Commencing graceful shutdown. Waiting for active requests to complete
2025-11-03 16:28:11.171 DEBUG [org.springframework.amqp.rabbit.RabbitListenerEndpointContainer#1-1] o.s.a.r.l.SimpleMessageListenerContainer - Cancelling Consumer@18861c96: tags=[[amq.ctag-IwJ1R7lwKBhbNA5-EGNcXQ]], channel=Cached Rabbit Channel: AMQChannel(amqp://admin@127.0.0.1:5672/,2), conn: Proxy@4c2a0975 Shared Rabbit Connection: SimpleConnection@228a145d [delegate=amqp://admin@127.0.0.1:5672/, localPort=61407], acknowledgeMode=AUTO local queue size=0
2025-11-03 16:28:11.171 DEBUG [org.springframework.amqp.rabbit.RabbitListenerEndpointContainer#1-1] o.s.a.r.l.BlockingQueueConsumer - Closing Rabbit Channel: Cached Rabbit Channel: AMQChannel(amqp://admin@127.0.0.1:5672/,2), conn: Proxy@4c2a0975 Shared Rabbit Connection: SimpleConnection@228a145d [delegate=amqp://admin@127.0.0.1:5672/, localPort=61407]
2025-11-03 16:28:11.171 DEBUG [org.springframework.amqp.rabbit.RabbitListenerEndpointContainer#1-1] o.s.a.r.c.CachingConnectionFactory - Closing cached Channel: AMQChannel(amqp://admin@127.0.0.1:5672/,2)
2025-11-03 16:28:11.185 INFO  [tomcat-shutdown] o.s.b.w.e.tomcat.GracefulShutdown - Graceful shutdown complete
2025-11-03 16:28:11.200 DEBUG [SpringApplicationShutdownHook] o.s.a.r.l.SimpleMessageListenerContainer - Shutdown ignored - container is not active already
2025-11-03 16:28:11.200 DEBUG [SpringApplicationShutdownHook] o.s.a.r.l.SimpleMessageListenerContainer - Shutdown ignored - container is not active already
2025-11-03 16:28:11.204 INFO  [SpringApplicationShutdownHook] o.s.o.j.LocalContainerEntityManagerFactoryBean - Closing JPA EntityManagerFactory for persistence unit 'storagePU'
2025-11-03 16:28:11.205 INFO  [SpringApplicationShutdownHook] o.s.o.j.LocalContainerEntityManagerFactoryBean - Closing JPA EntityManagerFactory for persistence unit 'coursePU'
2025-11-03 16:28:11.205 INFO  [SpringApplicationShutdownHook] com.zaxxer.hikari.HikariDataSource - HikariPool-4 - Shutdown initiated...
2025-11-03 16:28:11.215 INFO  [SpringApplicationShutdownHook] com.zaxxer.hikari.HikariDataSource - HikariPool-4 - Shutdown completed.
2025-11-03 16:28:11.216 INFO  [SpringApplicationShutdownHook] com.zaxxer.hikari.HikariDataSource - HikariPool-3 - Shutdown initiated...
2025-11-03 16:28:11.225 INFO  [SpringApplicationShutdownHook] com.zaxxer.hikari.HikariDataSource - HikariPool-3 - Shutdown completed.
